no_NA2,Freq,,,no_NA1,Freq
REGISTERED NURSE,1099,,,PRESIDENT,1315
LICENSED PRACTICAL NURSE,767,,,AGENT,1072
PHARMACY TECHNICIAN,536,,,DIRECTOR,864
COSMETOLOGIST,452,,,OWNER,770
GUARD,399,,,MEMBER,566
PERMANENT EMPLOYEE REGISTRATION CARD,325,,,SECRETARY,512
PROFESSIONAL NURSE,246,,,INDIVIDUAL - SOLE OWNER,458
LICENSED VOCATIONAL NURSE,243,,,MANAGER,361
CERTIFIED NURSING ASSISTANT,238,,,INCORPORATOR,288
NURSE AIDE,238,,,VICE PRESIDENT,267
REAL ESTATE,226,,,TREASURER,225
PRACTICAL NURSE,141,,,BOARD MEMBER,167
CERTIFIED NURSE AIDE,111,,,MEMBER MANAGER,164
INSURANCE AGENTS,98,,,CEO,143
LICENSED REAL ESTATE SALESPERSON,89,,,OFFICE MANAGER,106
REGISTERED PROFESSIONAL NURSE,86,,,REGISTRANT,105
FIREARM PERMIT,85,,,CHIEF EXECUTIVE OFFICER,103
MASTER COSMETOLOGIST,79,,,MANAGING MEMBER,102
REAL ESTATE SALESPERSON,75,,,TAX RESPONSIBLE PARTY,99
RN,70,,,PARTNER,88
VOCATIONAL NURSE,65,,,CFO,87
EMERGENCY MEDICAL TECHNICIAN,62,,,ORGANIZER,55
PRIVATE SECURITY PERSONS,62,,,APPLICANT,53
LPN,59,,,MEMBER/MANAGER,52
RESPIRATORY CARE PRACTITIONER,54,,,CEO;SECRETARY;CFO,51
REAL ESTATE SALES PERSON,53,,,MEDICAL ASSISTANT,45
TECH,53,,,PHARMACY TECHNICIAN,42
CERTIFIED PUBLIC ACCOUNTANT,52,,,CHIEF FINANCIAL OFFICER,40
REAL ESTATE BROKER OR SALES,48,,,OFFICER,39
STAFF NURSE/GENERAL DUTY,48,,,ADMINISTRATIVE ASSISTANT,37
PHARMACIST,47,,,CERTIFIED PHARMACY TECHNICIAN,37
COSMETOLOGISTS,44,,,TITLE NOT SPECIFIED,27
ELECTRICIANS,44,,,SECRETARY;CFO,24
MORTGAGE BROKER - INDIVIDUAL,44,,,PROCESS ADDRESS CONTACT,23
ATTORNEY,43,,,TEACHER,23
MASSAGE THERAPIST,43,,,CONTRIBUTOR,22
"NURSE, REGISTERED",40,,,FILER,21
DENTAL HYGIENIST,39,,,CEO;CFO,20
LEGAL SERVICES,39,,,DP,20
MANICURISTS,39,,,EXECUTIVE DIRECTOR,20
REGISTERED DENTAL ASSISTANT,35,,,MANAGER/MEMBER,20
ELECTRICIAN,34,,,PRINCIPAL,20
CONTRACTOR CONTROLLING INDIVIDUALS,33,,,OTHER,19
LICENSED SOCIAL WORKER,33,,,BUSINESS OFFICE MANAGER,18
SECURITY GUARD/OFFICER,33,,,STAFF PHARMACIST,18
COS MANAGER,32,,,ADMINISTRATOR,17
SOCIAL WORKER,32,,,RECEPTIONIST SECRETARY,17
PHYSICAL THERAPIST ASSISTANT,30,,,"MANAGER, MEMBER",16
BARBER,29,,,BOARD OF TRUSTEES MEMBER,15
NON-RESIDENT PRODUCER AGENT,28,,,DIRECTOR OF MEDICAL RECORDS,15
TRADESMEN,28,,,GENERAL MANAGER,15
AUTHORIZED EMPLOYEE,27,,,GENERAL PARTNER,14
CLINICAL NURSE ASSISTANT,26,,,PTD,14
BATON CERT - USED FOR HISTORY ONLY,25,,,ALL OFFICERS,13
DENTAL ASSISITANT,25,,,RECEPTIONIST/SECRETARY,13
HOMEMAKER - HHA,25,,,ATTORNEY,12
ESTHETICIAN,24,,,CEO;SECRETARY,12
MANICURIST,24,,,DIRECTOR OF FOOD SERVICES,12
PHYSICAL THERAPIST,24,,,"PRESIDENT, DIRECTOR",12
PSYCHIATRIC TECHNICIAN,22,,,S/T,12
ARMED SECURITY GUARDS,21,,,STUDENT,12
FIREARM TRAINING CERTIFICATE,21,,,VICE-PRESIDENT,12
"NURSE, LICENSED PRACTICAL",21,,,AUTHORIZED REPRESENTATIVE,11
VEHICLE SALESPERSON,21,,,CHAIRMAN OR CHIEF EXECUTIVE OFFICER,11
MEDICATION AIDE,20,,,DIRECTOR OF NURSING SERVICES,11
SALESMAN,20,,,FIREFIGHTER,11
COS OPERATOR,19,,,GOVERNING PERSON,11
NAIL TECHNICIAN,19,,,PASTOR,11
PUBLIC HEALTH NURSE,19,,,REALTOR,11
SALESPERSON,19,,,SALES MANAGER,11
ACCOUNTANT,18,,,SECRETARY/TREASURER,11
NAIL SPECIALIST,18,,,TRADE NAME OWNER,11
NURSE,18,,,LICENSED PRACTICAL NURSE,10
OCCUPATIONAL THERAPIST,18,,,MEM,10
RADIOLOGIC TECHNOLOGY,18,,,POSITION IN SALES,10
SALESPERSONS,18,,,PSD,10
GERIATRICS,17,,,RECEPTIONIST,10
RESPIRATORY CARE,17,,,REGISTERED NURSE,10
BATON CERTIFICATE - SIDE HANDLE,16,,,VD,10
BROKER,16,,,DIRECTOR;PRESIDENT,9
CERTIFIED RESIDENTIAL,16,,,EXECUTIVE ASSISTANT,9
COSMETOLOGIST/ALL,16,,,PHYSICIAN ASSISTANT,9
COUNSELOR,16,,,STD,9
DENTIST,16,,,VP,9
LICENSED REAL ESTATE BROKER,16,,,COACH,8
CHIROPRACTOR,15,,,FAMILY PRACTITIONER,8
NURSING,15,,,FOUNDER,8
OCCUPATIONAL THERAPY ASSISTANT,15,,,MANAG,8
PARAMEDIC,15,,,MINIMUM DATA SET COORDINATOR,8
PROFESSIONAL COUNSELOR,15,,,STORE MANAGER,8
RADIOLOGIC TECHNOLOGIST,15,,,ACCOUNT EXECUTIVE,7
CLINICAL SOCIAL WORKER,14,,,ASSISTANT,7
LICENSED,14,,,ASSOCIATE,7
LICENSED PROFESSIONAL COUNSELOR,14,,,CHAIRMAN,7
NAIL TECHNICIANS,14,,,CHIEF,7
OCCUPATIONAL THERAPIST ASSISTANT,14,,,CUSTODIAN,7
PHYSICIAN ASSISTANT,14,,,DIRECTOR OF PERSONNEL,7
BARBER/COSMETOLOGIST,13,,,EXECUTIVE BOARD MEMBER,7
COSMETOLOGY MANICURIST,13,,,INSTRUCTOR,7
PHYSICIAN,13,,,LIMITED LIABILITY COMPANY INDIVIDUA,7
BARBERS,12,,,NURSE PRACTITIONER,7
INSURANCE EDUCATION PROVIDERS,12,,,OFFICE ASSISTANT,7
REGISTERED PROF. NURSE,12,,,PHARMACY MANAGER,7
COMMUNITY ASSOCIATION MANAGER,11,,,SALES CONSULTANT,7
FIELD REPRESENTATIVE,11,,,ASSISTANT PRINCIPAL,6
MARRIAGE AND FAMILY THERAPIST - INTERN,11,,,BUSINESS MANAGER,6
PHYSICAL THERAPY ASSISTANT,11,,,COORDINATOR,6
BUILDER - INDIVIDUAL,10,,,CUSTOMER SERVICE REPRESENTATIVE,6
BUREAU OF SECURITY AND INVESTIGATIVE SERVICES,10,,,DIRECTOR OF ADMISSIONS,6
CRITICAL CARE MEDICINE,10,,,DIRECTOR OF ENVIRONMENTAL SVS,6
LICENSED REAL ESTATE LEASING AGENT STUDENT,10,,,DIRECTOR OF HUMAN RESOURCES,6
NURSES,10,,,DV,6
PLUMBING APPRENTICE,10,,,PD,6
PROFESSIONAL ENGINEER,10,,,PRESIDENT AND CHIEF EXECUTIVE OFFIC,6
RESPIRATORY CARE PRACTITIONER REGULAR CERTIFICATE,10,,,SALES REPRESENTATIVE,6
CIVIL ENGINEER,9,,,ACCOUNTANT,5
ELECTRICAL APPRENTICE,9,,,ARP SIGNATURE,5
INTERN PHARMACIST,9,,,ASSISTANT DIRECTOR OF NURSING,5
MANICURISTS MANAGER,9,,,DIREC,5
PUBLIC ACCOUNTANT,9,,,DIRECTOR OF SOCIAL SERVICES,5
RESIDENT PRODUCER INDIVIDUAL,9,,,DPT,5
RESPRITORY CARE PROFESSIONAL,9,,,HUMAN RESOURCES DIRECTOR,5
BEAUTICIAN,8,,,INCOR,5
CERTIFIED TO PURCHASE FREON,8,,,INSURANCE/BILLING SUPERVISOR,5
HEAD NURSE/ASSISTANT,8,,,MEDICAL DIRECTOR,5
JOURNEYMAN PLUMBER,8,,,OPERATIONS MANAGER,5
LICENSED CLINICAL SOCIAL WORKER,8,,,ORGAN,5
MEDICAL & SURGICAL,8,,,PRINCIPAL SHAREHOLDER,5
MEDICAL FIRST RESPONDER,8,,,PROJECT MANAGER,5
OTHER,8,,,PST,5
OTHER SPECIALTY,8,,,SUPERINTENDENT,5
PHARMACY INTERN,8,,,VS,5
PROVISIONAL BROKER TRANSITION -24HR BROKER TRANSITION COURSE,8,,,ADVISORY BOARD MEMBER,4
RESPIRATORY CARE PRACTITIONERS,8,,,APPRAISAL SUBCOMMITTEE APPR,4
ARCHITECT,7,,,ATHLETIC DIRECTOR,4
BARBER/COSMETOLOGY MANAGER,7,,,BRANCH MANAGER,4
COSMETOLOGIST/MANICURING,7,,,BROKER,4
GENERAL CERTIFICATE,7,,,BUYER,4
MASTER BARBER,7,,,COMMITTEE MEMBER,4
NONRES PRODUCER INDIVIDUAL,7,,,COUNSELOR,4
SMOG CHECK ADVANCED TECHNICIAN,7,,,DIRECTOR ACTIVITIES/RECREATION,4
TEMPORARY SALESPERSON,7,,,DIRECTOR OF HOUSEKEEPING,4
ATHLETIC TRAINER,6,,,DIRECTOR OF NURSING,4
CERTIFIED DENTAL RADIOGRAPHERS,6,,,DIRECTOR OF PHYSICAL THERAPY,4
COSMETOLOGIST-HAIRSTYLIST,6,,,DPST,4
COSMETOLOGY MANAGER,6,,,EXECUTIVE VICE PRESIDENT,4
CPA,6,,,HEAD COACH,4
DENTAL RADIOGRAPHER,6,,,LEGAL ASSISTANT,4
MARRIAGE AND FAMILY THERAPIST,6,,,MANAGING DIRECTOR,4
MASSAGE THERAPISTS,6,,,MARKETING COORDINATOR,4
OPTICIANS,6,,,MGR,4
REAL ESTATE BROKER,6,,,P/S/T,4
RESPIRATORY THERAPIST,6,,,PARALEGAL,4
SOCIAL WORKERS,6,,,PRES,4
VETERINARIAN,6,,,PRESI,4
BROKER ASSOCIATE,5,,,PRESIDENT;SECRETARY,4
CERTIFIED SHORTHAND REPORTER,5,,,PROGRAM COORDINATOR,4
CLINICAL LABORATORY PERSONNEL,5,,,PSTD,4
COMMUNITY HEALTH,5,,,REGIONAL SALES MANAGER,4
CORPORATE BROKER,5,,,RGT,4
DENTAL HYGIENISTS,5,,,SALES ASSOCIATE,4
EMBALMER,5,,,"SECRETARY/TREASURER, DIRECTOR",4
JOURNEYMAN ELECTRICIAN,5,,,SENIOR CONSULTANT,4
MASTER PLUMBER,5,,,SERVICE MANAGER,4
MEDICAL DOCTORS,5,,,TD,4
OCCUPATIONAL HEALTH,5,,,TECHNICIAN,4
PHARMACIST INTERN,5,,,TRES,4
PHYSICIAN AND SURGEON,5,,,TRUSTEE,4
PHYSICIAN AND SURGEON OR OSTEOPATH,5,,,UNINCORPORATED ACCOUNT OWNER,4
REGISTERED APPLICATORS,5,,,VICEPRES,4
REGISTERED ASSOCIATE SOCIAL WORKER,5,,,VOLUNTEER COORDINATOR,4
REGISTERED PHARMACIST,5,,,VPD,4
REGISTERED VETERINARY TECHNICIAN,5,,,ACCOUNT MANAGER,3
WASTEWATER OPERATOR CLASS 3,5,,,ACCOUNTS PAYABLE CLERK,3
WATER OPERATOR CLASS 3,5,,,ACTIVITIES DIRECTOR,3
AGENT,4,,,ADMISSIONS COORDINATOR,3
ASBESTOS SUPERVISORS,4,,,BOOKKEEPER,3
ASBESTOS WORKERS,4,,,CAPTAIN,3
ASSOCIATE PROFESSIONAL COUNSELOR,4,,,CAREER SPECIALIST,3
AUCTIONEER,4,,,CHIEF OPERATING OFFICER,3
BARBER/COSMETOLOGY,4,,,DEAN,3
CERTIFIED BUILDING CONTRACTOR,4,,,DIRECTOR OF EMERGENCY ROOM,3
CERTIFIED SOCIAL WORKER,4,,,DIRECTOR OF OPERATIONS,3
DENTISTRY,4,,,DIRECTOR OF SALES,3
DISPENSING OPTICIAN,4,,,DIRECTOR;SECRETARY,3
ENGINEERS,4,,,DIRECTOR;VICE PRESIDENT,3
FACULTY/EDUCATOR,4,,,DS,3
FAIR HOUSING INACTIVE,4,,,DST,3
FIRST GRADE ENGINEER,4,,,EDITOR,3
HEALTH FACILITY ADMINISTRATOR,4,,,FIRE CHIEF,3
HEATING & AIR,4,,,GENERAL SALES MANAGER,3
HOME HEALTH AIDE,4,,,HUMAN RESOURCES MANAGER,3
INACTIVE SALESMAN,4,,,INFORMATION SYSTEMS COORD,3
LICENSED INDEPENDENT SOCIAL WORKER,4,,,INSTRUCTIONAL ASSISTANT,3
LICENSED MASTER SOCIAL WORKER,4,,,LABORATORY TECHNICIAN,3
LICENSED PRACTICAL,4,,,M,3
LICENSED PROFESSIONAL COUNSELOR INTERN,4,,,MANAGING EDITOR,3
LICENSED REAL ESTATE LEASING AGENT,4,,,MEDICAL STAFF COORDINATOR,3
LOCKSMITH PERMIT,4,,,MEMBE,3
MEDICAL,4,,,MEMBER OF EXECUTIVE BOARD,3
MEDICAL PHYSICIAN AND SURGEON,4,,,"MEMBER, TEAM",3
NAIL TECHNOLOGY,4,,,MM,3
OCCUPATIONAL THERAPY,4,,,MRS,3
PHYSICIANS ASSISTANT,4,,,"NEWS ANCHOR, REPORTER AND HOST",3
PROFESSINAL ENGINEER,4,,,NO TITLE SPECIFIED,3
PROPERTY MANAGER,4,,,NURSE,3
PSYCHIATRIC/MENTAL HEALTH CLINICAL NURSE SPECIALIST,4,,,NURSING SUPERVISOR,3
PSYCHOLOGIST\CLINICAL PSYCHOLOGIST,4,,,OPHTHALMOLOGIST,3
REGISTERED CERTIFIED PUBLIC ACCOUNTANT,4,,,P/T,3
REHABILITATION PROVIDER,4,,,PARAPROFESSIONAL,3
SALESMAN PROVISIONAL,4,,,PC,3
SUBSTANCE ABUSE COUNSELOR IN TRAINING,4,,,PEDIATRICIAN,3
SUPERVISOR/ASSISTANT,4,,,POSITION IN ACCOUNTING,3
ADVISOR AGENT,3,,,PRESIDENT/CEO,3
ASSOCIATE BROKER,3,,,PRESIDENT;DIRECTOR,3
ASSOCIATE REAL ESTATE APPRAISER,3,,,PRESIDENT;TREASURER,3
ATTORNEYS,3,,,PRINCIPAL EXECUTIVE OFFICE CONTACT,3
AUTO SALESMAN,3,,,PROGRAM MANAGER,3
BATON CERTIFICATE - BOTH SIDE HANDLE/STRAIGHT,3,,,PSYCHIATRIST,3
BEAUTY SALON,3,,,PT,3
BROKER DEALER BRANCH,3,,,PTR,3
CEMETERY SALES PERSONNEL,3,,,SALES DIRECTOR,3
CERTIFIED FOOD SAFETY MGR,3,,,SD,3
CERTIFIED GENERAL,3,,,"SECRETARY, TREASURER",3
CERTIFIED GENERAL CONTRACTOR,3,,,SECRETARY;DIRECTOR,3
CONDITONED AIR NON-RESTRICTED,3,,,ST,3
COSMETOLOGIST OWNER,3,,,STATE DIRECTOR,3
COSMETOLOGY INSTRUCTORS,3,,,STUDENTS,3
"COUNSELOR, PROFESSIONAL",3,,,VICE,3
DOCTOR OF MEDICINE,3,,,VICE PRESIDENT;SECRETARY,3
ELECTRICAL CONTRACTOR- RESTRICTED,3,,,ACCOUNTS RECEIVABLE,2
ENGINEER INTERN,3,,,ADM,2
ENGINEER-IN-TRAINING,3,,,ADMINISTRATIVE MANAGER,2
EXPANDED FUNCTION DENTAL ASSISTANT,3,,,ALLENTOWN DIVORCE LAWYER,2
FUNERAL DIRECTOR & EMBLAMER TRAINEE,3,,,ARCHITECT,2
FUNERAL DIRECTOR/EMBALMER,3,,,ARTISTIC DIRECTOR,2
HAIR BRAIDER,3,,,ASSISTANT DIRECTOR,2
LAND SURVEYOR,3,,,ASSISTANT GENERAL MANAGER,2
LICENSE PRACTICAL NURSE,3,,,ASSISTANT MEN'S BASKETBALL COACH,2
LICENSED BACHELOR SOCIAL WORKER,3,,,ASSISTANT PROFESSOR,2
LICENSED DIETITIAN,3,,,ASSISTANT VICE PRESIDENT,2
LICENSED HOME INSPECTOR,3,,,ASSOCIATE PROFESSOR,2
LICENSED MASSAGE THERAPIST,3,,,ATTORNEY AT LAW,2
LIMITED REAL ESTATE APPRAISER,3,,,AUTHORIZED PERSON ACCOUNTANT,2
MEDICAL DOCTOR,3,,,BROKER AND REALTOR,2
MEDICAL RADIATION TECHNOLOGIST,3,,,CASE MANAGER,2
NURSE AIDES,3,,,CFAC MEMBER,2
NURSE PRACTITIONER,3,,,CHAIR,2
NURSING HOME ADMINISTRATOR,3,,,CHAPLAIN,2
OBSTETRICS & GYNECOLOGY,3,,,CHIEF PHARMACIST,2
OSTEOPATHIC PHYSICIAN AND SURGEON,3,,,CLUB MEMBER,2
PEDIATRICS,3,,,CO-OWNER,2
PHYSICAL THERAPY ASSISTANTS,3,,,CO-PRESIDENT,2
PHYSICIAN:PEDIATRICS,3,,,COMPANY MEMBER,2
PROFESSIONAL BOXING,3,,,CONSULTANT,2
PSYCHOLOGIST,3,,,CORRESPONDENT,2
QUALIFIED MEDICATION AIDE,3,,,CPP ACCOUNTANT,2
QUALIFYING PARTY ROOFING CONTRACTOR,3,,,CUSTOMER SERVICE SPECIALIST,2
RADIOLOGIST,3,,,DD,2
REAL ESTATE ASSOC BROKER,3,,,DEPARTMENT CHAIR,2
REAL ESTATE INDEPENDENT BROKER,3,,,DEPARTMENT SECRETARY,2
REG CONTACT LENS DIPENSER5,3,,,DIRECTOR IN-SERVICE EDUCATION,2
REGISTERED CHIROPRACTIC ASSISTANT,3,,,DIRECTOR OF FINANCE,2
REGISTERED MANICURIST,3,,,DIRECTOR OF INFORMATION TECHNOLOGY,2
REGISTERED RESPIRATORY THERAPIST,3,,,DIRECTOR OF MAINTENANCE,2
REGISTERED RESPIRATORY THERAPY,3,,,DIRECTOR OF OUTPATIENT SERVICES,2
RN - TEMPORARY,3,,,DIRECTOR OF PATIENT ACCOUNTS,2
SPEECH LANGUAGE PATHOLOGIST,3,,,DIRECTOR OF TECHNOLOGY,2
SPEECH PATHOLOGIST,3,,,DIRECTOR PATIENT CARE/NURSING,2
TEMPORARY GENERAL CERTIFICATE,3,,,"DIRECTOR, CAREER SERVICES",2
WASTEWATER COLLECT SYS OPER,3,,,"DIRECTOR, VICE-PRESIDENT",2
ACUPUNCTURIST,2,,,"DIRECTOR,TREASURER",2
ADMINISTRATOR/ASSISTANT,2,,,DIRECTOR;PRESIDENT;TREASURER,2
AESTHETICIAN,2,,,DISPATCHER,2
AIR CONDITIONING/REFRIGERATION,2,,,DOCTOR,2
APPRENTICE OPTICIAN,2,,,DVP,2
AR,2,,,ENGINEER,2
ATHLETIC TRAINERS,2,,,ENGINEERING MANAGER,2
BAIL BONDING AGENT,2,,,EPC PROJECT DIRECTOR,2
BARBER/SENIOR COSMETOLOGIST,2,,,ESTIMATOR,2
BARBERS AND HAIR DRESSERS,2,,,EVENT COORDINATOR,2
BOXER,2,,,EXECUTIVE,2
BOXING SECOND,2,,,EXECUTIVE MEMBER,2
BRAKE ADJUSTER,2,,,FAMILY ADVOCATE,2
CARDIAC TECHNICIAN,2,,,FAMILY PRACTICE,2
CERTIFIED ADDICTION COUNSELOR III,2,,,FINANCE MANAGER,2
CERTIFIED MASSAGE THERAPIST,2,,,GROUP MANAGER,2
CERTIFIED POD X-RAY ASSISTANT,2,,,HEAD,2
CERTIFIED RESIDENTIAL CONTRACTOR,2,,,HEAD CUSTODIAN,2
CERTIFIED SUBSTANCE ABUSE COUNSELOR,2,,,HEAD OF THE CULINARY PROGRAM,2
CLINICAL LABORATORY TRAINEE,2,,,HONORARY MEMBER,2
COSMETICIAN,2,,,INTERN,2
COSMETOLOGY APPRENTICE,2,,,INTERNET SALES MANAGER,2
COSMETOLOGY STUDENT,2,,,INVESTIGATOR,2
COSMETOLOGY TEACHER,2,,,KINDERGARTEN TEACHER,2
CRITICAL CARE,2,,,LEGAL ADMINISTRATIVE ASSISTANT,2
DENTAL ASSISTANT,2,,,LEGAL SECRETARY,2
DENTISTS,2,,,LIBRARY ASSISTANT,2
DIETICIAN,2,,,LOAN OFFICER,2
DIETITIAN,2,,,MAIN OFFICE BRANCH MANAGER,2
DOCTOR OF OSTEOPATHY,2,,,MANAGER OF REIMBURSEMENT SVS,2
ELECTRICAL CONTRACTOR,2,,,MARKETING DIRECTOR,2
ELECTRICAL CONTRACTOR- NON RESTRICTED,2,,,MARKETING MANAGER,2
EMBALMERS & FUNERAL DIRECTORS,2,,,MATERIALS MANAGER,2
EMERGENCY MEDICINE,2,,,MAYOR,2
EMT,2,,,MEMBER AT LARGE,2
ENGINEER IN TRAINING,2,,,"MEMBER, MANAGER",2
EXPLOSIVES USER HANDLER,2,,,"MEMBER,MANAGER",2
FACIAL SPECIALIST,2,,,MEMBER;MANAGER,2
FUNERAL DIRECTOR & EMBALMER,2,,,MID ATLANTIC ACCOUNT MANAGER,2
GAS MANAGER,2,,,MISSIONARY,2
GENERAL SURGERY,2,,,MORTGAGE LOAN OFFICER,2
GRADUATE SOCIAL WORKER,2,,,MS,2
HAIRDRESSER / COSMETICIAN,2,,,MUSIC EDUCATOR,2
HAIRDRESSER/COSMETOLOGIST,2,,,"NATIONAL ACCOUNTS MANAGER, RETAIL D",2
INTERN,2,,,NEWS EDITOR,2
KEY PERSONNEL-INDIVIDUAL,2,,,NURSERY WORKER,2
LICENSED APPRAISERS,2,,,OASIS DATA PROCESSOR,2
LICENSED GRADUATE SOCIAL WORKER,2,,,OBSTETRIC GYNECOLOGIST,2
LICENSED MASTERS SOCIAL WORK,2,,,OFFICE SUPERVISOR,2
LICENSED PRACTICAL NURSES,2,,,ORDER ENTRY,2
LICENSED PSYCHOLOGIST,2,,,ORGANIST,2
LPN - TEMPORARY,2,,,ORTHOPEDIC SURGEON,2
MASTER SOCIAL WORKER,2,,,OWNE,2
MD,2,,,OWNER/CHIEF PHARMACIST,2
MECHANICAL ENGINEER,2,,,P/CEO,2
MEDICAL PHYSICIAN ASSISTANT,2,,,P/S,2
MEDICATION AIDE - 40 HOUR,2,,,PAYROLL,2
MEDICINE AND SURGERY MD,2,,,PCEO,2
MENTAL HEALTH COUNSELOR,2,,,PHARMACIST IN CHARGE,2
MENTAL HEALTH NURSE,2,,,PODIATRIST,2
NURSE ANESTHETIST,2,,,PORTFOLIO MANAGER,2
NURSING ASSISTANT,2,,,POSITION IN COMMERCIAL SALES,2
OCC THERAPY ASSISTANT,2,,,PRES/DIR,2
OCCUPATIONAL THERAPIST OTR L,2,,,PRESCHOOL TEACHER,2
OCCUPATIONAL THERAPY ASSISTANTS,2,,,PRESIDENT AND FOUNDER,2
OPTICIAN,2,,,PRESIDENT AND OWNER,2
OPTOMETRIST,2,,,"PRESIDENT, SECRETARY/TREASURER, DIR",2
PHARMACY TECH IN-TRAINING,2,,,PRODUCER,2
PHYSICIAN:FAMILY PRACTICE,2,,,PRODUCT SPECIALIST,2
PHYSICIAN:INTERNAL MEDICINE,2,,,PROFESSOR,2
PHYSICIANS,2,,,PROJECT ENGINEER,2
PHYSICIANS ASSISTANT IN MEDICINE,2,,,PSYCHOLOGIST,2
PODIATRIST,2,,,PVST,2
PRIVATE DETECTIVE,2,,,REAL ESTATE AGENT,2
PROF ENGINEER,2,,,"REAL ESTATE AGENTS, BROKERS & FIRMS",2
PROFESSIONAL ENGINEERS,2,,,REAL ESTATE BROKERS,2
PROVISIONAL RESPIRATORY CARE PRACTITIONER,2,,,REALTOR - ASSOCIATE,2
PSYCHOLOGICAL ASSOCIATE,2,,,REALTOR ASSOCIATE,2
"REAL ESTATE AGENTS, BROKERS & FIRMS",2,,,RECRUITER,2
REAL ESTATE ASSOCIATE BROKER,2,,,RECRUITING MANAGER,2
REAL ESTATE BROKERS,2,,,REGIONAL MANAGER,2
REGISTERED DENTAL HYGIENIST,2,,,REPRESENTATIVE,2
REGISTERED NURSE-TEMP PERMIT,2,,,RESIDENTIAL COORDINATOR,2
RESIDENT PRODUCER AGENT,2,,,SALES,2
RESIDENTIAL BUILDING CONTRACTOR,2,,,SALES COORDINATOR,2
RESPIRATORY THERAPY TECHNICIAN,2,,,SALES EXECUTIVE,2
SOCIAL WORKER (LCSW),2,,,SCHOLARSHIP FUND COORDINATOR,2
SPEECH-LANGUAGE PATHOLOGIST,2,,,SCIENCE TEACHER,2
STUDENT HEARING AID DEALER,2,,,SEC,2
TEMPORARY LIMITED CERTIFICATE,2,,,SEC/TREAS,2
TEMPORARY LPN PERMIT,2,,,SECOND GRADE TEACHER,2
TEMPORARY PROFESSIONAL COUNSELOR,2,,,SECT,2
TRAINEE,2,,,SENIOR ACCOUNTANT,2
VETERINARY TECHNICIAN,2,,,SENIOR ADMINISTRATIVE ASSISTANT,2
WASTE MANAGEMENT FACILITY OPERATORS CLASS,2,,,SENIOR BUYER,2
WASTEWATER WORKS OPERATORS CLASS V,2,,,SENIOR LOAN OFFICER,2
WATER OPERATOR CLASS 4,2,,,SENIOR MANAGER,2
WATERWORKS OPERATOS CLASS III,2,,,SENIOR PRODUCTION UNDERWRITER,2
WHOLESALERS/MFG EXEMPTEE,2,,,SENIOR PROJECT MANAGER,2
ACTIVE ASSOCIATES WITH NO PRIVACY,1,,,SENIOR RECRUITER,2
ACTIVE CPAS,1,,,SENIOR VICE PRESIDENT,2
ADVANCED PRACTICE - NP,1,,,SERVICE ADVISOR,2
ADVANCED PRACTICE REGISTERED NURSE,1,,,SERVICE DIRECTOR,2
AGENCY EMPLOYEE - ARMED,1,,,SOLE OFFICER,2
AGENCY MANAGER,1,,,SP,2
ALCOHOL/DRUG COUNSELOR,1,,,STAFF WRITER,2
ANESTHESIOLOGY,1,,,STORE MANAGER/OTC SUPERVISOR,2
ANIMAL HEALTH TECHNICIAN,1,,,SUPERVISOR,2
ANNOUNCER,1,,,SYSTEMS ANALYST,2
APELSCIDLA ENGINEER IN TRAINING,1,,,SYSTEMS ENGINEER,2
APPLIED PSYCHOLOGIST,1,,,TECHNICAL SUPPORT SPECIALIST,2
APPRAISER TRAINEE,1,,,TECHNOLOGY SUPPORT SPECIALIST,2
APPRENTICE OPHTHALMIC DISPENSER,1,,,THERAPIST,2
ARCHITECTURE,1,,,TS,2
ASBESTOS SUPERVISOR,1,,,UNDERGRADUATE,2
ASSOCIATE SOCIAL WORKER,1,,,VICE-PRESIDENT;DIRECTOR,2
AUDIOLOGIST,1,,,VICE CHAIR,2
BACHELOR SOCIAL WORK,1,,,"VICE PRESIDENT , CORPORATE RELATION",2
BARBER APPRENTICE,1,,,VICE PRESIDENT OF OPERATIONS,2
BARBER STUDENT,1,,,VPAS,2
BARBER/COSMETOLOGY INSTRUCTOR,1,,,VSD,2
BODY PIERCER--EAR ONLY,1,,,VTD,2
BOXERS,1,,,WELCOME NEW MEMBER,2
"BOXING AND WRESTLING TRAINERS , SECONDS & CUTMEN",1,,,WINE SPECIALIST,2
BOXING CONTESTANT,1,,,YOUTH DIRECTOR,2
BROKER DEALER,1,,,# 2 MEMBER,1
BROKER IN CHARGE,1,,,2007 - 2008 CHAPTER MEMBER,1
BROKER SALESPERSON,1,,,3583,1
BUILDERS SALESPERSON - TEMPORARY,1,,,A,1
BURGLAR ALARM LICENSE,1,,,A AND R RESEARCH REPRESENTATIVE,1
CARDIAC CATHETERIZATION CERTIFICATE,1,,,ACADEMIC ADVISOR,1
CEMETERY PRENEED SELLER,1,,,ACCESS CONTROLS,1
CERT. RESPIRATORY THERAPIST,1,,,ACCESS TO CLUBHOUSE MEMBER,1
CERTIFIED ADDICTION COUNSELOR I,1,,,ACCOUNT COORDINATOR,1
CERTIFIED ADDICTION COUNSELOR II,1,,,ACCOUNT DIRECTOR,1
CERTIFIED BLACKFLOW OPERATORS,1,,,ACCOUNTING,1
CERTIFIED EUTHANASIA TECHNICIAN,1,,,ACCOUNTING AND FINANCE SPECIALIST,1
CERTIFIED GENERAL REAL ESTATE APPRAISER,1,,,ACCOUNTING CLERK,1
CERTIFIED RESIDENTIAL RE APPRAISER,1,,,ACCOUNTING CLERK I,1
CERTIFIED RESPIRATORY THERAPIST,1,,,ACCOUNTING COORDINATOR,1
CERTIFIED RESPIRATORY THERAPY,1,,,ACCOUNTING MANAGER,1
CHIROPRACTIC,1,,,ACCOUNTING SERVICES SPECIALIST,1
CHIROPRACTIC PHYSICIAN,1,,,"ACCOUNTS MANAGER, CAREER DEVELOPMEN",1
CLINICAL NURSE SPECIALIST,1,,,ACCOUNTS PAYABLE,1
CLINICAL PROFESSIONAL COUNSELOR ASSOCIATES (CPCA),1,,,ACCOUNTS PAYABLE AND RECEIVABLE,1
CLINICAL PROFESSIONAL COUNSELORS (CPC),1,,,"ACCOUNTS RECEIVABLE, ACCOUNTS PAYAB",1
CLINICAL SUBSTANCE ABUSE COUNSELOR,1,,,ACCOUNTS SPECIALIST,1
CLINICAL SUPERVISOR IN TRAINING,1,,,ACTING SECRETARY,1
COLLECTION MANAGERS,1,,,ACTIVE MEMBER,1
CONDITIONED AIR RESTRICTED,1,,,ADJ NURSING,1
CONTROLLED SUBSTANCE - 1,1,,,ADJ SYSTEM ACCESS,1
CONTROLLED SUBSTANCE - 2,1,,,ADJUNCT PROFESSOR OF ALGEBRA,1
CONTROLLED SUBSTANCE - 3,1,,,ADJUTANT/PAYMAS,1
COS INSTRUCTOR,1,,,ADMI,1
COSMETOLOGIST SALON,1,,,ADMIN,1
COSMETOLOGY ESTABLISHMENT,1,,,ADMIN ASSISTANT OF NURSING SVS,1
COSMETOLOGY ESTHETICS,1,,,ADMIN. ASSISTANT,1
COSMETOLOGY INSTRUCTOR,1,,,ADMINISTRATION ASSISTANT,1
COSMETOLOGY LTD INSTRUCTOR,1,,,ADMINISTRATION SPECIALIST,1
CREMATED REMAINS DISPOSER,1,,,ADMINISTRATIVE ANALYST,1
CREMATORY MANAGER,1,,,"ADMINISTRATIVE ASSISTANT , SENIOR",1
DC,1,,,ADMINISTRATIVE ASSISTANT I,1
DENTAL,1,,,ADMINISTRATIVE ASSISTANT I - SES,1
DENTAL ASST,1,,,ADMINISTRATIVE ASSISTANT III,1
DENTAL HYGIENE,1,,,ADMINISTRATIVE ASSISTANT TO THE PAS,1
DENTAL RADIOLOGIC\RADIATION TECHNOLOGIST,1,,,ADMINISTRATIVE ASSOCIATE,1
DIETETICS & NUTRITION,1,,,ADMINISTRATIVE BOARD MEMBER,1
DO CLASS 1-GRANDFATHERED,1,,,ADMINISTRATIVE COORDINATOR,1
ELECTRICAL UNLIMITED CONTACTOR - E1,1,,,ADMINISTRATIVE COORDINATOR II,1
EMBALMER-TRAINEE,1,,,ADMINISTRATIVE PROCESS COORDINATOR,1
EMT-PARAMEDIC,1,,,ADMINISTRATIVE SECRETARY,1
ENG INTERN,1,,,"ADMINISTRATOR, CPE PROGRAM SERVICES",1
ENGINEER,1,,,ADMINSTRATIVE ASSISTANT,1
ENGINEER IN-TRAINING,1,,,ADMISSIONS DIRECTOR,1
"ENGINEER, PROFESSIONAL",1,,,ADOPTION COUNSELOR,1
ENGINEERS IN TRAINING,1,,,ADVANCEMENT SERVICES COORDINATOR,1
ESTHETICIANS MANAGER,1,,,ADVERTISING SALES EXECUTIVES,1
FAMILY NURSE PRACTITIONER,1,,,ADVISER,1
FINANCIAL RESPONSIBLE OFFICER,1,,,ADVISOR,1
FIREARM AUTHORIZATION CARD,1,,,ADVOCACY DIRECTOR,1
FORESTER,1,,,AFTERCARE TEACHER,1
FULL,1,,,AGENCY DIRECTOR,1
FULL SPECIALIST,1,,,AGENCY DISTRIBUTION AREA MANAGER,1
FUNERAL DIRECTOR,1,,,AGENCY SUPPORT REPRESENTATIVE,1
FUNERAL SERVICE PROVIDER,1,,,AGENT AND CUSTOMER SERVICE REPRESEN,1
GENERAL PRACTICE,1,,,AGENT AND REALTOR,1
GEOLOGISTS,1,,,"AGENT, BROKER",1
HAIR BRAIDERS,1,,,"AGENT, BYERS, OFFICE",1
HAIR DESIGN,1,,,AIDE,1
HEARING AID DEALER,1,,,ALCOH,1
HOME IMPROV. CONTRACT.,1,,,ALCOHOL TESTING PROGRAM MANAGER,1
HOME INSPECTORS,1,,,ALL-PRO LINEBACKER,1
HYGIENIST,1,,,ALL MEMBER,1
INSTRUCTOR - CLASSROOM TRAINING,1,,,ALLERGIST/IMMUNOLOGIST,1
INTERN SP,1,,,ALTERNATE LEGIS SECRETARY,1
INTERNAL MEDICINE,1,,,AM HOST,1
INTERNS & RESIDENTS,1,,,AMERICAN HISTORY TEACHER,1
INVESTMENT ADVISER,1,,,AMERICORPS,1
JOURNEYMAN,1,,,ANOINTED PREACHER OF THE WORD. ONE,1
LABORATORY ASSISTANT,1,,,ANOTHER MEMBER,1
LAND SURVEYORS,1,,,ANY OTHER OFFICER,1
LANDSURVEYOR,1,,,AP,1
LIBRARIAN,1,,,APPL,1
LICENSED ATHLETIC TRAINER,1,,,APPLICATIONS ENGINEERING MANAGER,1
LICENSED AUCTIONEER,1,,,APPRAISER,1
LICENSED MENTAL HEALTH COUNSELOR,1,,,"ART DIRECTOR , PUBLIC RELATIONS",1
LICENSED PEDORTHIST,1,,,"ARTIST, ILLUSTRATOR, DESIGNER",1
LICENSED PROF COUNSELOR,1,,,ASEPTIC FACILITY TECHNICIAN,1
LICENSED PSYCHOLOGIST HSP,1,,,ASSET SPECIALIST,1
LIMITED CERTIFICATE,1,,,ASSISTANT ATHLETIC TRAINER,1
LIMITED RADIOLOGIC TECHNOLOGIST,1,,,ASSISTANT BRANCH MANAGER,1
LOAN OFFICER,1,,,ASSISTANT BRANCH MANGER AND LOAN OF,1
M & A - INDIVIDUAL,1,,,ASSISTANT CIVIL ENGINEER,1
MANUFACTURING ENGINEER,1,,,ASSISTANT COMMUNITY CORRECTIONS DIR,1
MASSAGE THERAPY,1,,,ASSISTANT CURATOR AND ARCHIVIST,1
MASTER PLUMBER - NON-RESTRICTED,1,,,ASSISTANT DEAN,1
MD - TRAINING CERT.,1,,,"ASSISTANT DIRECTOR , FACILITIES",1
MECHANICAL CONTRACTOR,1,,,ASSISTANT DIRECTOR AND LINENS,1
MEDICAL RADIOGRAPHER,1,,,ASSISTANT FINANCE OFFICER,1
MEDICAL RESPONSE TECHNICIAN,1,,,ASSISTANT GENERAL MANAGER AND FOOD,1
MEDICAL X-RAY OPERATOR,1,,,ASSISTANT INSTRUCTOR,1
MEDICAL-SURGICAL CNS,1,,,ASSISTANT PASTOR,1
MEDICINE & OSTEOPATHY,1,,,ASSISTANT PHARMACY MANAGER,1
MIXED MARTIAL ARTS TRAINER/SECOND,1,,,ASSISTANT PROFESSOR OF ENGLISH,1
MORTUARY SCIENCE LICENSEE,1,,,ASSISTANT PROFESSOR OF PUBLIC ADMIN,1
NAIL TECHNICIAN APPRENTICE,1,,,"ASSISTANT PROFESSOR, SCHOOL OF ART",1
NEONATOLOGY,1,,,ASSISTANT PURCHASING MANAGER,1
NON-CERTIFIED TECHNICIAN,1,,,ASSISTANT SECRETARY,1
NUCLEAR MEDICAL TECHNOLOGIST,1,,,ASSISTANT SOCCER COACH,1
NUCLEAR MEDICINE TECHNOLOGIST,1,,,ASSISTANT SUPERVISOR,1
NURSE ADMIN,1,,,ASSISTANT TENNIS COACH,1
NURSE CANDIDATE - NG,1,,,ASSISTANT TO MEDICAL STAFF,1
NURSE PRACTITIONER FURNISHER,1,,,ASSISTANT TO THE PRESIDENT,1
"NURSE, PRACTICAL, LICENSED",1,,,ASSISTANT TO THE SUPERINTENDENT,1
NURSING ASSISTANT-90 DAY PERMIT,1,,,ASSISTANT TO THE VICE PRESIDENT FOR,1
OFFICE NURSE,1,,,ASSISTANT UNDERWRITER,1
ONCOLOGY,1,,,ASSISTANT VICE-PRESIDENT,1
OPERATOR,1,,,ASSISTANT VICE PRESIDENT FOR COMMUN,1
OPTICIAN-TRAINEE,1,,,ASSISTANT VICE PRESIDENT FOR MARKET,1
OPTOMETRIST W/TPA,1,,,"ASSISTANT YOUTH DIRECTOR, PASTOR",1
OPTOMETRY,1,,,ASSISTANT YOUTH PASTOR,1
OSTEOPATH,1,,,"ASSISTANT, ADMIN AND LAW",1
PEDORTHIST,1,,,ASSISTANT/ASSOCIATE PHARMACIST,1
PERIODONTIST,1,,,ASSOC,1
PERMANENT M.D.,1,,,ASSOCIATE ARTISTIC DIRECTOR,1
PHARMACEUTICAL TECHNICIAN,1,,,ASSOCIATE BROKER,1
PHARMACISTS,1,,,ASSOCIATE DIRECTOR,1
PHARMACY PERMIT,1,,,ASSOCIATE DIRECTOR PHILANTHROPY II,1
PHYS THER ASSISTANT,1,,,ASSOCIATE MANAGER,1
PHYSICAL THERAPIST - TEMPORARY,1,,,ASSOCIATE MEMBER,1
PHYSICAL THERAPY,1,,,ASSOCIATE PASTOR,1
PHYSICIAN AND SURGEON - FEE EXEMPT,1,,,ASSOCIATE PASTOR OF ST. VINCENT DE,1
PHYSICIAN ASSISTANT SUPERVISOR,1,,,ASSOCIATE PROFESSOR OF DERMATOLOGIC,1
PHYSICIAN ASST.,1,,,ASSOCIATE PROFESSOR OF NEUROLOGY,1
PHYSICIAN:ANESTHESIOLOGY,1,,,"ASSOCIATE REPRESENTATIVE, INSIDE SA",1
PHYSICIAN:GENERAL PRACTICE,1,,,"ASSOCIATE TRANSPORTATION PLANNER, F",1
PHYSICIAN:NEURO-RADIOLOGY,1,,,"ASSOCIATE, SUPPORT SERVICES",1
PHYSICIANS ASSISTANTS,1,,,"ASSOCIATE, VIEW BUSINESS CARD",1
PODIATRIC PHYSICIAN,1,,,ASST DIRECTOR OF RADIOLOGY SVS,1
PRIMARY CARE,1,,,ASST SECRETARY,1
PRIVATE ALARM CONTRACTOR,1,,,ATHENS ALABAMA FAMILY PRACTICE DOCT,1
PRIVATE PRACTICE,1,,,ATHLETIC TRAINER,1
PROPERTY LAND SURVEYOR,1,,,ATTY-IN-FACT,1
PROPERTY MANAGER IN CHARGE,1,,,AUCTION ADMINISTRATOR,1
PROV/SLP,1,,,AUDIT MANAGER,1
PROVISIONAL AUDIOLOGIST,1,,,AUXILIAR,1
PROVISIONAL BROKER - 90 HOUR POST LICENSE COURSE,1,,,AUXILIARY MEMBER,1
PROVISIONAL MENTAL HEALTH COUNSELOR LICENSEE,1,,,AWARD WINNING SALES ASSOCIATE,1
PSY TECH-DEVELOPMENTALLY DISABLED,1,,,BANKRUPTCY ASSISTANT,1
PSY TECH-MENTALLY ILL,1,,,BATTALION CHIEF,1
PSYCHOLOGY,1,,,BEHAVIOR SPECIALIST,1
QUALIFYING BROKER,1,,,BENEFIT SPECIALIST,1
RADIOLOGY STUDENT PERMIT,1,,,BENEFITS ANALYST,1
REAL ESTATE AGENT,1,,,BILINGUAL EDUCATION PROGRAM FACILIT,1
REG SPECTACLE LENS DISPENSER,1,,,BILLING MANAGER,1
REGISTERED ACCESSABILITY SPECIALISTS,1,,,BIOMEDICAL ELECTRICAL ENGINEER,1
REGISTERED AESTHETICIAN 1,1,,,BM,1
REGISTERED BUILDING CONTRACTOR,1,,,BOARD MEM,1
REGISTERED CLINICAL SOCIAL WORKER INTERN,1,,,BOARD OF GOVERNORS MEMBER,1
REGISTERED DENTAL ASSISTANT - EXTENDED,1,,,BOOKING COORDINATOR,1
REGISTERED MARRIAGE AND FAMILY THERAPIST INTERN,1,,,BRANCH MANAGER AND CLO,1
REGISTERED OPERATOR,1,,,"BROKER , REAL ESTATE CONSULTANT",1
REGISTERED PHYSICIAN ASSISTANT,1,,,BROKER AND OWNER,1
REGISTERED PROFESSIONAL GEOLOGIST,1,,,BT DIVISION,1
REGISTERED RESIDENTIAL CONTRACTOR,1,,,BUS AIDE,1
REGISTERED ROOFING CONTRACTOR,1,,,BUS OFFICE CASHIER,1
REGISTERED SANITARIAN,1,,,BUS.APP. ANALYST,1
REGISTERED VET TECH,1,,,BUSIN,1
RESIDENT & NON-RESIDENT INSURANCE PRODUCERS,1,,,BUSINESS ACCOUNT EXECUTIVE,1
RESIDENT SALESPERSON,1,,,BUSINESS ADMINISTRATOR,1
RESIDENTIAL APPRAISER,1,,,BUSINESS ANALYST,1
RESIDENTIAL LIGHT QUALIFYING AGENT,1,,,BUSINESS ASSOCIATE,1
RESIDENTIAL WIREMAN,1,,,BUSINESS DEVELOPMENT COORDINATOR,1
RESPIRATORY THERAPISTS,1,,,BUSINESS DEVELOPMENT MANAGER,1
RESPONSIBLE BROKER,1,,,BUSINESS DEVELOPMENT REPRESENTATIVE,1
RESTRICT SPEECH/PATH,1,,,BUSINESS MGR,1
RESTRICTED BARBERS,1,,,BUSINESS OFFICE COORDINATOR,1
RI,1,,,"BUSINESS OPERATION ASSOCIATE, COMME",1
SCHOOL NURSE,1,,,BUSINESS OWNER,1
SCHOOL NURSE PRACTITIONER,1,,,BUSINESS REPRESENTATIVE AND RECORDI,1
SECOND (BOXING),1,,,BUSINESS SERVICES TECHNICIAN,1
SECOND GRADE ENGINEER,1,,,BUSINESS SUPPORT ASSISTANT,1
SECURITY GUARD,1,,,CADETTE AND SENIOR AND AMBASSADOR C,1
SOCIAL WORK,1,,,CAFETERIA MANAGER,1
SOCIAL WORK TECHNICIAN,1,,,CAGE MANAGER,1
SOCIAL WORKER TRAINEE,1,,,CALENDAR CLERK,1
SOCIAL WORKERS ASSISTANT,1,,,CAR SALESMAN,1
SPEECH LANG PATH,1,,,CARDIOVASCULAR DISEASE,1
SPEECH LANGUAGE PATHOLOGY,1,,,CARE ASSOCIATE,1
SPEECH PATHOLOGISTS,1,,,CARE PLAN COORDINATOR,1
SPEECH-LANGUAGE PATHOLOGY,1,,,CAREER EVALUATOR,1
STATE LICENSED,1,,,CASE COORDINATOR,1
STATE LICENSED REAL ESTATE APPRAISER,1,,,CASH MANAGEMENT SPECIALIST,1
STUDENT TEMP RCP,1,,,CASHIER,1
SUBSTANCE ABUSE COUNSELING ASSISTANT,1,,,CCHS RESOURCE TEACHER AND  VOLLEYBA,1
SURGICAL ASSISTANT,1,,,CDS,1
"TECHNOLOGIST, RADIOGRAPHY, RADIOLOGIC",1,,,CENTER MANAGER,1
TEMPORARY PT PERMIT,1,,,CENTRAL SUPPLY COORDINATOR,1
TRAINEE PERMIT,1,,,CEO;SECRETARY;CFO;INCORPORATOR,1
TRAINING INSTRUCTOR - BATON,1,,,CERTIFIED CONSULTANT,1
TREATMENT - CLASS I,1,,,CERTIFIED DRUG/ALCOHOL CNSLR,1
UNLICENSED PSYCHOTHERAPIST,1,,,CERTIFIED PUBLIC ACCOUNTANT,1
VETERINARY,1,,,CERTIFIED REGISTERED NURSE ANS,1
VETERINARY ANIMAL TECHNICIAN,1,,,"CHAIRMAN OF THE HEALTH, PHYSICAL ED",1
WASTEWATER WORKS OPERATORS CLASS I,1,,,CHAIRMAN/WOMAN OF THE BOARD,1
WASTEWATER WORKS OPERATORS CLASS IV,1,,,CHAIRMAN;SECRETARY,1
WASTEWATER WORKS OPERATOS CLASS III,1,,,CHAIRPERSON,1
WATER DISTRIBUTION OPERATOR,1,,,CHAIRWOMAN,1
WATER OPERATOR CLASS 1,1,,,CHANNEL CONTRACTS AND COMPLIANCE,1
WATER WELL AND PUMP INSTALLER,1,,,CHAP,1
WATER WELL SYSTEMS PROVIDER,1,,,CHEF,1
WATERWORKS OPERATORS CLASS I,1,,,CHIEF COUNSEL,1
WATERWORKS OPERATORS CLASS II,1,,,CHIEF EXECUTIVE OFFICER - EXECUTIVE,1
WRESTLERS,1,,,"CHIEF EXECUTIVE OFFICER , FACILITAT",1
WRESTLING CONTESTANT,1,,,CHIEF EXECUTIVE OFFICER AND FOUNDER,1
WRESTLING REFEREE,1,,,CHIEF EXECUTIVE OFFICER TEACHER,1
,,,,CHIEF JUSTICE,1
,,,,CHIEF LEGAL SECRETARY,1
,,,,CHIEF NURSING OFFICER,1
,,,,CHIEF OF EMERGENCY ROOM,1
,,,,CHIEF OPERATING OFFICER AND  VICE P,1
,,,,CHIEF OPERATIONS OFFICER,1
,,,,CHIEF PURCHASING OFFICER,1
,,,,CHIEF SURVEYOR,1
,,,,CHILDREN'S LIBRARIAN,1
,,,,CHILDREN'S PASTOR,1
,,,,CHILDREN'S PASTORS,1
,,,,CHURCH ADMINISTRATIVE ASSISTANT,1
,,,,"CHURCH ADMINISTRATOR , OFFICE ADMIN",1
,,,,CIO,1
,,,,CISO,1
,,,,CITY ADMINISTRATOR AND CITY CLERK,1
,,,,CITY CLERK,1
,,,,CITY COUNCIL MEMBER,1
,,,,CIVIL GROUP MANAGER,1
,,,,CLAIMS ADJUSTER,1
,,,,CLC,1
,,,,CLERICAL ASSISTANT,1
,,,,CLERK,1
,,,,CLERK AND DATA ENTRY,1
,,,,CLIENT ADVISOR,1
,,,,CLIENT BOARD DIVISION,1
,,,,CLIENT SERVICE EVENT COORDINATOR,1
,,,,CLIENT SERVICE MANAGER,1
,,,,CLINIC COORDINATOR,1
,,,,CLINIC DIRECTOR,1
,,,,CLINICAL ASSISTANT PROFESSOR IN THE,1
,,,,CLINICAL COORDINATOR,1
,,,,CLINICAL DIRECTOR OF CATH LAB,1
,,,,CLINICAL SUPERVISOR,1
,,,,CLINICAL SYSTEMS EDUCATOR,1
,,,,CLUB VOLLEYBALL DIRECTOR,1
,,,,CO-CHAIR,1
,,,,CO-DIRECTOR OF ACTIVITIES,1
,,,,CO-DIRECTOR OF ADMISSIONS,1
,,,,"CO-EXECUTIVE PRODUCER, UNIT CINEMAT",1
,,,,CO-FOUNDER,1
,,,,CO-FOUNDER AND CO-OWNER,1
,,,,CO-FOUNDER AND MANAGING PARTNER,1
,,,,CO-OFFICE MANAGER,1
,,,,CO-OWNER AND BUSINESS MANAGER,1
,,,,CO-PASTOR,1
,,,,COLLECTIONS ADMINISTRATOR,1
,,,,COLLECTIONS AND AP MANAGER,1
,,,,COLLECTIONS SUPERVISOR,1
,,,,COLLEGE EVENTS COORDINATOR,1
,,,,COLORGUARD ADVISOR,1
,,,,COMMERCIAL ACCOUNTS MANAGER,1
,,,,COMMISSIONER,1
,,,,COMMITTEE CHAIR ALUMNI RELATIONS AN,1
,,,,COMMITTEE CHAIRPERSON,1
,,,,COMMUNICATION AND  INFORMATION TECH,1
,,,,"COMMUNICATION OFFICER, PUBLIC WORKS",1
,,,,COMMUNICATIONS COORDINATOR,1
,,,,"COMMUNICATIONS COORDINATOR , DIVISI",1
,,,,COMMUNICATIONS DIRECTOR,1
,,,,COMMUNICATIONS MANAGER,1
,,,,COMMUNICATIONS SPECIALIST,1
,,,,COMMUNITY ACTION DIRECTOR,1
,,,,COMMUNITY AFFAIRS DIRECTOR,1
,,,,COMMUNITY IMPACT ASSOCIATE AND VOLU,1
,,,,COMMUNITY MANAGER,1
,,,,COMMUNITY OUTREACH LIAISON,1
,,,,COMMUNITY PLANNER,1
,,,,COMMUNITY PROGRAMS SPECIALIST,1
,,,,COMMUNITY REPRESENTATIVE,1
,,,,COMMUNITY SCREENER,1
,,,,COMMUNITY SERVICE OFFICER,1
,,,,COMMUNITY SERVICES ASSISTANT COORDI,1
,,,,COMMUNITY TELEVISION MANAGER,1
,,,,"COMPANY MEMBER, RESIDENT GRAPHIC DE",1
,,,,COMPLIANCE SYSTEM MANAGER,1
,,,,COMPLIMENTARY MEMBER,1
,,,,COMPUTER LAB SPECIALIST,1
,,,,CONCESSIONS MANAGER,1
,,,,"CONCIERGE, CONCIERGE AND CUSTOMER S",1
,,,,CONFERENCE SALES MANAGER,1
,,,,CONFIDENTIAL SECRETARY,1
,,,,CONN,1
,,,,CONSTRUCTION ADMINISTRATOR,1
,,,,CONSTRUCTION LOAN PROCESSOR,1
,,,,CONSTRUTION LABOR,1
,,,,CONSULTANT/DIR,1
,,,,CONSULTING PHARMACIST,1
,,,,CONTRACT TECHNICAL WRITER,1
,,,,CONTRACTING OFFICER ASSISTANT,1
,,,,CONTRACTING PROJECT ADMINISTRATOR,1
,,,,CONTRIBUTING EDITOR,1
,,,,CONTRIBUTING WRITER,1
,,,,CONTRIBUTION AS DIRECTOR FOR PRODUC,1
,,,,CONTROLLER AND MANAGER OF ACCOUNTIN,1
,,,,CONVENER,1
,,,,COO,1
,,,,COORDINATOR AND FINANCIAL COACH,1
,,,,COORDINATOR OF HUMAN RESOURCES,1
,,,,COORDINATOR OF LABORATORY SVS,1
,,,,COORDINATOR OF PERSONNEL MCOIC,1
,,,,COORDINATOR OF PUBLIC POLICY,1
,,,,COORDINATOR OF THE ADOPTER AND ADOP,1
,,,,"COORDINATOR, CONTRACTS AND COMPLIAN",1
,,,,"COORDINATOR, OPERATIONS",1
,,,,"COORDINATOR, OR MATERIALS",1
,,,,CORPORATE ACCOUNT RELOCATION CONSUL,1
,,,,CORPORATE DIVERSITY MANAGER,1
,,,,CORPORATE PARTNER,1
,,,,CORPORATE PRODUCER,1
,,,,COUNCIL MEMBER,1
,,,,COUNSELOR'S SECRETARY,1
,,,,COUNTY CLERK,1
,,,,COUNTY VOLUNTEER FIRE CHIEF,1
,,,,COURT ADVOCATE COORDINATOR,1
,,,,CP,1
,,,,CRAVEN COUNTY COMMISSIONER,1
,,,,CREDENTIALING,1
,,,,CREDENTIALING PROVIDER COORDINATOR,1
,,,,CREDIT ANALYST,1
,,,,CREDIT AND COLLECTION ADMIN,1
,,,,CREDIT RECOVERY AND COACH,1
,,,,CREW TEAM MEMBER,1
,,,,CRIME-PREVENTION MANAGER,1
,,,,CRITICAL CARE PARAMEDIC,1
,,,,CSR,1
,,,,CTPD,1
,,,,CURRICULUM DIRECTOR,1
,,,,CUSTOMER ADVISOR REPRESENTATIVE,1
,,,,CUSTOMER CARE MANAGER,1
,,,,CUSTOMER HELPDESK TECHNICIAN,1
,,,,CUSTOMER SALES REPRESENTATIVE,1
,,,,CUSTOMER SERVICE MANAGER,1
,,,,CUSTOMER SERVICE SUPERVISOR,1
,,,,CUSTUMER SERVICE REPRESENTATIVE,1
,,,,"D,P",1
,,,,DATA ENTRY ASSISTANT,1
,,,,"DATA PROCESSING EDITOR , TECHNICAL",1
,,,,DATABASE MANAGER,1
,,,,"DAY , PORTABLE",1
,,,,DEALER ACCOUNTS MANAGER,1
,,,,DEFENSIVE LINE,1
,,,,DELIVERY,1
,,,,DENTAL OFFICE MANAGER,1
,,,,DENTIST/ORAL SURGEON,1
,,,,DEPARTMENT SUPERVISOR,1
,,,,DEPOSIT OPERATIONS SPECIALIST,1
,,,,DEPUTY CLERK - TREASURER,1
,,,,DEPUTY EXECUTIVE DIRECTOR,1
,,,,DEPUTY FEDERAL SECURITY DIRECTOR,1
,,,,DESIGN INK,1
,,,,DESTINY DECORATOR,1
,,,,DETAIL MANAGER,1
,,,,DEVELOPMENT DIRECTOR,1
,,,,DIAGNOSTIC RADIOLOGIST,1
,,,,DIGITAL SUPPORT COORDINATOR,1
,,,,DIR MARKETING/PUBLIC RELATIONS,1
,,,,DIR OF ENGINEERING/MAINTENANCE,1
,,,,DIR PURCHASING/MATERIALS MGMT,1
,,,,DIR/OFFCR,1
,,,,"DIRECTOR , GLOBAL INSIDE SALES",1
,,,,DIRECTOR BUSINESS CONSULTANT,1
,,,,DIRECTOR FOR ENROLLMENT MANAGEMENT,1
,,,,DIRECTOR HIS ENGINEERING,1
,,,,DIRECTOR INSERVICE TRAINING/ED,1
,,,,DIRECTOR LEADERSHIP DEVELOPMENT,1
,,,,DIRECTOR MED/SURGE SERVICES,1
,,,,DIRECTOR OF ACCOUNTING,1
,,,,DIRECTOR OF ACTIVITIES,1
,,,,DIRECTOR OF ACTIVITIES THERAPY,1
,,,,DIRECTOR OF ADMINISTRATION,1
,,,,DIRECTOR OF ADMISSIONS SVS,1
,,,,DIRECTOR OF ADMISSIONS/ MARKETI,1
,,,,DIRECTOR OF ADMISSIONS/MARKETIN,1
,,,,DIRECTOR OF BANDS,1
,,,,DIRECTOR OF BEHAVIORAL HEALTH,1
,,,,DIRECTOR OF BROADCASTING,1
,,,,DIRECTOR OF CHILDREN'S MINISTRIES,1
,,,,DIRECTOR OF CHURCH AND COMMUNITY MI,1
,,,,DIRECTOR OF CLINICAL RECORDS,1
,,,,DIRECTOR OF CLINICAL SERVICES,1
,,,,DIRECTOR OF COMMUNICATIONS,1
,,,,DIRECTOR OF COMMUNITY MARKETING,1
,,,,DIRECTOR OF COMMUNITY SUPPORT,1
,,,,DIRECTOR OF COUNSELING,1
,,,,DIRECTOR OF DEVELOPMENT,1
,,,,DIRECTOR OF DIGITAL MEDIA,1
,,,,DIRECTOR OF DISCHARGE PLANNING,1
,,,,DIRECTOR OF EDUCATION,1
,,,,DIRECTOR OF ENGINEERING,1
,,,,DIRECTOR OF ENVIRONMENTAL SERVI,1
,,,,DIRECTOR OF ENVIRONMENTAL SERVICES,1
,,,,DIRECTOR OF ESTIMATING PRODUCTS,1
,,,,DIRECTOR OF FINANCIAL ADMINISTRATIO,1
,,,,DIRECTOR OF FINANCIAL AID,1
,,,,DIRECTOR OF FOOD AND BEVERAGE,1
,,,,DIRECTOR OF GOLF AT THE HUMMINGBIRD,1
,,,,DIRECTOR OF HEALTH INFORMATION,1
,,,,DIRECTOR OF HOME HEALTHCARE SVS,1
,,,,DIRECTOR OF HOME OWNERSHIP EDUCATIO,1
,,,,"DIRECTOR OF HUMAN RESOURCES, AFFIRM",1
,,,,DIRECTOR OF IMAGING AND CANCER SERV,1
,,,,DIRECTOR OF INFECTION CONTROL,1
,,,,DIRECTOR OF INFORMATION SYSTEMS,1
,,,,DIRECTOR OF INSTRUCTION,1
,,,,DIRECTOR OF LABORATORY SERVICES,1
,,,,DIRECTOR OF LATERAL RECRUITING,1
,,,,DIRECTOR OF LAUNDRY,1
,,,,DIRECTOR OF LITIGATION SERVICES,1
,,,,DIRECTOR OF MARKETING AND PUBLIC RE,1
,,,,DIRECTOR OF MARKETING AND SALES SUP,1
,,,,DIRECTOR OF MARKETING SERVICES,1
,,,,DIRECTOR OF MEDICARE/MEDICAID,1
,,,,DIRECTOR OF MEMBERSHIP SERVICES,1
,,,,DIRECTOR OF NETWORK OPERATIONS AND,1
,,,,DIRECTOR OF OB/GYN SERVICES,1
,,,,DIRECTOR OF OPERATING ROOM,1
,,,,DIRECTOR OF PRIVATE DUTY SVS,1
,,,,DIRECTOR OF PROGRAM,1
,,,,DIRECTOR OF PROGRAMMING AND SCHEDUL,1
,,,,DIRECTOR OF PSYCHOSOCIAL TEAM,1
,,,,DIRECTOR OF PUBLIC LIAISON,1
,,,,DIRECTOR OF PURCHASING,1
,,,,DIRECTOR OF QUALITY IMPROVEMENT,1
,,,,DIRECTOR OF RADIOLOGY,1
,,,,DIRECTOR OF REHAB SERVICES,1
,,,,DIRECTOR OF REHABILITATION,1
,,,,DIRECTOR OF RESEARCH,1
,,,,DIRECTOR OF RESPIRATORY THERAPY,1
,,,,DIRECTOR OF SALES AND MARKETING,1
,,,,DIRECTOR OF SALES AND OPERATIONS,1
,,,,DIRECTOR OF SCHOOL IMPROVEMENT AND,1
,,,,DIRECTOR OF SERVICE PRODUCTION AND,1
,,,,DIRECTOR OF SPECIALIZED TREATMENT P,1
,,,,DIRECTOR OF TECHNICAL SERVICES,1
,,,,DIRECTOR OF THE ADVANCED STUDIES PR,1
,,,,DIRECTOR OF THEATRE,1
,,,,DIRECTOR OF YOUTH,1
,,,,DIRECTOR PATIENT REGISTRATION,1
,,,,DIRECTOR PROGRAM MANAGEMENT,1
,,,,DIRECTOR RESPIRATORY THERAPY,1
,,,,DIRECTOR SYSTEMS ENGINEERING,1
,,,,"DIRECTOR, CHOREOGRAPHER",1
,,,,"DIRECTOR, CORPORATE DEVELOPMENT",1
,,,,"DIRECTOR, DINING HALL AND FOOD SERV",1
,,,,"DIRECTOR, DIRECTOR",1
,,,,"DIRECTOR, GLOBAL SALES",1
,,,,"DIRECTOR, PRESIDENT",1
,,,,"DIRECTOR, PRESIDENT, TREASURER",1
,,,,"DIRECTOR, RESEARCH AND DEVELOPMENT",1
,,,,"DIRECTOR, SECRETARY",1
,,,,"DIRECTOR,PRESIDENT",1
,,,,"DIRECTOR,PRESIDENT,SECRETARY,TREASU",1
,,,,"DIRECTOR,SECRETARY",1
,,,,"DIRECTOR,VICE PRESIDENT",1
,,,,DIRECTOR; PRESIDENT,1
,,,,DIRECTOR;MEMBER,1
,,,,DIRECTOR;PRESIDENT;INCORPORATOR,1
,,,,DIRECTOR;PRESIDENT;SECRETARY;TREASU,1
,,,,"DIRECTOR;SECRETARY, TREASURER",1
,,,,DIRECTOR;SECRETARY;TREASURER,1
,,,,DISTRICT EAGLE COUNSELOR,1
,,,,DISTRICT GENERAL MANAGER,1
,,,,DISTRICT PEIMS COORDINATOR,1
,,,,DISTRICT SALES MANAGER,1
,,,,DIVERSITY PROGRAMMING DIRECTOR,1
,,,,DIVISIONAL SALES MANAGER,1
,,,,DIVORCE MEDIATOR,1
,,,,DPS,1
,,,,DPV,1
,,,,DPVS,1
,,,,DR,1
,,,,DRAMA TEACHER,1
,,,,DRUG FREE COMMUNITIES PROGRAM COORD,1
,,,,DVS,1
,,,,DVST,1
,,,,DVT,1
,,,,"EAST CENTRAL REGION VICE PRESIDENT,",1
,,,,ECONOMIC DEVELOPMENT DIRECTOR,1
,,,,ED,1
,,,,EDITOR-IN-CHIEF,1
,,,,EDUCATION CENTER COORDINATOR,1
,,,,EDUCATIONAL ISSUES,1
,,,,EDUCATIONAL PROGRAM DIRECTOR,1
,,,,EHS SPECIALIST,1
,,,,ELECTRICAL INSPECTOR,1
,,,,ELEMENTARY TEACHER,1
,,,,ELIGIBILITY COORDINATOR,1
,,,,ELITE MEMBER,1
,,,,EMAIL,1
,,,,EMERGENCY MANAGEMENT LIEUTENANT,1
,,,,EMERGENCY MEDICINE SPECIALIST,1
,,,,EMERGENCY SERVICES DIRECTOR,1
,,,,EMS SUPERVISOR,1
,,,,ENGINEERING ANALYST,1
,,,,ENGINEERING AND INFORMATION TECHNOL,1
,,,,ENGINEERING MANAGER BUSINESS INTELL,1
,,,,ENGINEERS,1
,,,,ENGLISH TEACHER AND ASSISTANT DEAN,1
,,,,ENOLOGIST AND MARKETING MANAGER,1
,,,,ENROLLMENT TEAM SUPERVISOR,1
,,,,EQUAL OPPORTUNITY MANAGER,1
,,,,EQUIPMENT SUPERVISOR,1
,,,,ESALES MANAGER,1
,,,,ESCROW COORDINATOR,1
,,,,ESCROW OFFICER,1
,,,,EVENING CLINICAL COORDINATOR,1
,,,,EVENT PLANNER,1
,,,,EXCECUTIVE ASSISTANT,1
,,,,EXEC STF ASST,1
,,,,EXECUTIVE ADMINISTRATOR,1
,,,,EXECUTIVE ASSISTANT AND ECONOMIC DE,1
,,,,EXECUTIVE ASSISTANT TO THE PRESIDEN,1
,,,,EXECUTIVE ASSISTANT TO THE PRINCIPA,1
,,,,EXECUTIVE ASSOCIATE,1
,,,,EXECUTIVE DIRECTOR OF SALES,1
,,,,EXECUTIVE SECRETARY AND OFFICE MANA,1
,,,,EXECUTIVE SUITES SALES REPRESENTATI,1
,,,,EXECUTIVE VICE PRESIDENT - ENTERPRI,1
,,,,EXECUTIVE VICE PRESIDENT AND CHIEF,1
,,,,EXECUTIVE VICE PRESIDENT OF OPERATI,1
,,,,"EXECUTIVE VICE PRESIDENT, ADVERTISI",1
,,,,"EXECUTIVE VICE PRESIDENT, CHIEF OPE",1
,,,,"EXECUTIVE VICE PRESIDENT, DIRECTOR",1
,,,,EXECUTIVE VOLUNTEER,1
,,,,EXTERNAL COMMUNICATIONS MANAGER,1
,,,,F&B DIRECTOR,1
,,,,"F&CS MANAGER, I",1
,,,,F&I MANAGER,1
,,,,FA,1
,,,,FACILITIES ASSISTANT MANAGER,1
,,,,FACILITIES MANAGER AND  OCE' BUSINE,1
,,,,FACILITY MAINT.,1
,,,,FACTORY SERVICE TECHNICIAN,1
,,,,FACULTY INSTRUCTOR,1
,,,,FACULTY MEMBER,1
,,,,FAMILY RESOURCE CENTER COORDINATOR,1
,,,,FAMILY SERVICES COORDINATOR,1
,,,,FELLOW,1
,,,,FIELD CREW CHIEF ( SOUTHERN STATES,1
,,,,FIELD DIRECTOR,1
,,,,FIELD SALES REPRESENTATIVE,1
,,,,FIFTH GRADE TEACHER,1
,,,,FINANCE DIRECTOR,1
,,,,FINANCE DIRECTOR AND SALES MANAGER,1
,,,,FINANCIAL ADVISOR,1
,,,,FINANCIAL AID COUNSELOR,1
,,,,FINANCIAL CASE MANAGER,1
,,,,FINANCIAL CONSULTANT,1
,,,,FINANCIAL MANAGER,1
,,,,FINANCIAL TEAM,1
,,,,FIREWISE COORDINATOR,1
,,,,FIRM LAWYER,1
,,,,FIRST-YEAR COACH,1
,,,,FIRST BASEMAN AND CATCHER,1
,,,,FIRST COMMUNITY SERVICES OFFICER,1
,,,,FIRST VICE PRESIDENT,1
,,,,FISCAL MANAGER,1
,,,,FISHERIES BIOLOGIST AND LOCAL COORD,1
,,,,FITNESS INSTRUCTOR,1
,,,,FOOD AND BEVERAGE DIRECTOR,1
,,,,FOOD AND BEVERAGE MANAGER,1
,,,,FOODSERVICE SUPERVISOR,1
,,,,FOSSIL PROJECT SCHEDULER,1
,,,,FOUNDER AND CHIEF ARCHITECT,1
,,,,FOUNDER AND EXECUTIVE DIRECTOR,1
,,,,FOUNDER AND INTERNET CONSULTANT,1
,,,,FOUNDER AND PRESIDENT,1
,,,,FOUNDER OF CLOTHING BRAND,1
,,,,"FOUNDER, PC TECHNICIAN",1
,,,,"FOUNDERS AND ADMINISTRATOR, COMMUNI",1
,,,,FOURTH GRADE TEACHER,1
,,,,FREELANCE SKETCH ARTIST,1
,,,,FRESHMAN WIDE RECEIVER,1
,,,,FRONT OFFICE,1
,,,,FRONT OFFICE MANAGER,1
,,,,FULL-TIME MINISTER,1
,,,,FUNDRAISER AND EVENT PLANNER,1
,,,,FUNERAL DIRECTOR ASSISTANT AND FUTU,1
,,,,GALLANT BUILDING SOLUTIONS,1
,,,,GASTROENTEROLOGIST,1
,,,,GENERAL COUNSEL,1
,,,,GENERAL MANAGER AND DIRECTOR OF FAC,1
,,,,GENERAL MEMBER,1
,,,,GENERAL PRACTITIONER,1
,,,,GENERAL SURGEON,1
,,,,GIRLS BASKETBALL COACH,1
,,,,GIRLS U-17 MANAGER,1
,,,,"GIS MANAGER, DEVELOPMENT SERVICES",1
,,,,GIS SYSTEM DESIGNER,1
,,,,GLOBAL CUSTOMER SERVICE SPECIALIST,1
,,,,GLOBAL PUBLIC RELATIONS MANAGER,1
,,,,GLOBAL SUPPLY CHAIN ADMINISTRATOR,1
,,,,GOLF COURSE SUPERINTENDENT,1
,,,,GOLF DIRECTOR,1
,,,,GP OF LP/GP M/M,1
,,,,GPME TECHNICIAN,1
,,,,GRADUATE EMBALMER,1
,,,,GRADUATE STUDENT IN THE WRITING PRO,1
,,,,GRANT FACILITATOR,1
,,,,GRANT OFFICER,1
,,,,GRANTS MANAGER,1
,,,,GRAPHIC DESIGNER,1
,,,,GSM,1
,,,,GYNECOLOGIST,1
,,,,HEAD GIRLS BASKETBALL COACH,1
,,,,HEAD PROFESSIONAL,1
,,,,HEAD RIFLE COACH,1
,,,,"HEAD, OUTREACH SERVICES",1
,,,,"HEAD, WEST COAST OFFICE",1
,,,,HEADQUARTERS - MANAGER-COMMUNICATIO,1
,,,,HEALTH AIDE,1
,,,,HEALTH SERVICES SPECIALIST,1
,,,,HELP DESK TECHNICIAN,1
,,,,HELP ME GROW SERVICE COORDINATOR,1
,,,,HELPDESK ANALYST,1
,,,,HIGH-END PROGRAMMER,1
,,,,HIGH SCHOOL TEACHER,1
,,,,HOME HEALTH DIRECTOR,1
,,,,HOME HEALTH SECRETARY,1
,,,,HONORARY BOARD MEMBER,1
,,,,HONORARY LIFE MEMBER,1
,,,,HOPKINS CLASSROOM TEACHER,1
,,,,HORSE HEAVEN CONSTRUCTION,1
,,,,HOSPITAL POLICE OFFICER,1
,,,,HOUSE MANAGER,1
,,,,HOUSING RESIDENT ASSISTANT,1
,,,,HOUSING SERVICES MANAGER,1
,,,,HUMAN RESOURCE CONTRACT SECRETARY,1
,,,,HUMAN RESOURCE DIRECTOR,1
,,,,HUMAN RESOURCES,1
,,,,HUMAN RESOURCES AND MEDICAL RECORDS,1
,,,,HUMAN RESOURCES GENERALIST,1
,,,,HUMAN RESOURCES SPECIALIST II,1
,,,,"HUMANE OFFICER, VERNA PAINTER, SHEL",1
,,,,IBM PRACTICE MANAGER,1
,,,,IMAGING COORDINATOR,1
,,,,IMMEDIATE PAST PRESIDENT,1
,,,,IMPLEMENTATION SPECIALIST,1
,,,,INC,1
,,,,INDEPENDANT DISTRIBUTOR,1
,,,,INDEPENDENT AGENT,1
,,,,INDEPENDENT CONTRACTOR JACKSON RECO,1
,,,,INDUSTRY STAFFING MANAGER,1
,,,,INFECTION CONTROL COORDINATOR,1
,,,,INFORMATION ANALYST,1
,,,,INFORMATION SECURITY OFFICER,1
,,,,"INFORMATION SYSTEM SECTOR , CIVIL S",1
,,,,INFORMATION TECHNOLOGY ADMINISTRATO,1
,,,,INFORMATION TECHNOLOGY MANAGER,1
,,,,INFORMATION TECHNOLOGY PROCESSING E,1
,,,,INFORMATION TECHNOLOGY SECURITY ASS,1
,,,,INFORMATION TECHNOLOGY SPECIALIST,1
,,,,INFORMATION TECHNOLOGY SUPPORT SPEC,1
,,,,INFORMATION TECHNOLOGY SYSTEMS TECH,1
,,,,"INFORMATION TECHNOLOGY, TELECOMM SP",1
,,,,INPATIENT STAFF PHARMACIST,1
,,,,INSIDE SALES,1
,,,,INSIDE SALES REPRESENTATIVE,1
,,,,INSIDE SALES TEAM LEADER,1
,,,,INSTRUCTIONAL ELECTRONIC RESOURCES,1
,,,,"INSTRUCTOR, ENGLISH",1
,,,,INSURANCE BROKERS,1
,,,,INSURANCE/BILLING MANAGER,1
,,,,INTERACTIVE DEVELOPER,1
,,,,INTERACTIVE INTERNET GROUP MANAGER,1
,,,,INTERFACE DESIGNER,1
,,,,INTERIM CEO,1
,,,,"INTERIM DIRECTOR , OFFICE OF RECREA",1
,,,,INTERNAL MEDICINE,1
,,,,INTERNAL MEDICINE PEDIATRICS,1
,,,,INTERNATIONAL ASSIGNMENT ANALYST,1
,,,,INTERNATIONAL RELATIONS COORDINATOR,1
,,,,INTERNET MANAGER,1
,,,,INTERNIST/PULMONOLOGIST,1
,,,,INTERPRETATION MANAGER,1
,,,,INVESTMENT MANAGER,1
,,,,INVESTOR RELATIONS ANALYST,1
,,,,IP - VPN TECHNICIAN III,1
,,,,IST EDUCATOR AND TRAINER,1
,,,,JAVA SPECIALTY RECRUITER,1
,,,,JUDICIAL ADMINISTRATIVE ASSISTANT,1
,,,,JUNIOR GUARD,1
,,,,JUNIOR MEMBER,1
,,,,JUNIOR TECH. DIRECTOR,1
,,,,K-5TH GRADE TEACHER,1
,,,,KINDERGARTEN AIDE,1
,,,,KINDERGARTEN ASSISTANT,1
,,,,LAB TECHNICIAN,1
,,,,"LABOR , WASTEWATER DEPARTMENT",1
,,,,"LABORER , E4 SPECIALIST , SOUTH DAK",1
,,,,LAND CLERK,1
,,,,LEAD ARTICLES EDITOR,1
,,,,LEAD HUMAN RESOURCES REPRESENTA,1
,,,,LEAD PASTOR,1
,,,,LEAD SALES ASSOCIATE,1
,,,,LEASING ADMINISTRATOR,1
,,,,LEASING AGENT,1
,,,,LENDING CONSULTANT,1
,,,,LEWIS' CO-CHAIRMAN,1
,,,,LEXINGTON DIVISION MANAGER,1
,,,,LHS DIRECTOR OF PERCUSSION STUDIES,1
,,,,LIBRARIAN AND TECHNICAL SERVICES SU,1
,,,,LIBRARY AND MEDIA TECHNICIAN,1
,,,,LIBRARY MEDIA ASSISTANT,1
,,,,LIC,1
,,,,LICENSED CUSTOMER SERVICE REPRESENT,1
,,,,LICENSED VOCATIONAL NURSE,1
,,,,LICENSING CONSULTANT,1
,,,,LIFE COACH,1
,,,,LIFE MEMBER,1
,,,,"LIFESHARE DRIVE CHAIRPERSON, THURSD",1
,,,,LLC MGR,1
,,,,LOAD COORDINATOR,1
,,,,LODGE ADVISOR,1
,,,,LPAC CLERK,1
,,,,LTD LIAB COMPANY INDIVIDUAL MANAGER,1
,,,,MAAA PRINCIPAL AND CONSULTING ACTUA,1
,,,,MACHINE OPERATOR,1
,,,,MACHINIST AND CONSULTANT,1
,,,,MAGNET LEAD,1
,,,,MAIL PROCESSOR LEAD,1
,,,,MAINTENANCE,1
,,,,MAINTENANCE AND CLEANING,1
,,,,MAINTENANCE SUPERVISOR,1
,,,,MANAGE,1
,,,,MANAGEMENT CONSULTANT,1
,,,,MANAGEMENT CONSULTING,1
,,,,MANAGER-OLYMPIC GARDENS,1
,,,,MANAGER - SUBSTATION AUTOMATION TEC,1
,,,,"MANAGER , CLIENT RELATIONS",1
,,,,"MANAGER , LEGAL AND INVESTOR SERVIC",1
,,,,"MANAGER , PORTFOLIO , ANALYTICS",1
,,,,"MANAGER , SOFTWARE ENGINEERING",1
,,,,MANAGER AND AGENT,1
,,,,MANAGER NAME,1
,,,,MANAGER OF CANTEEN,1
,,,,MANAGER OF COMPLIANCE,1
,,,,MANAGER OF DESIGN AND DESIGNER RELA,1
,,,,MANAGER OF FAMILY SERVICES,1
,,,,MANAGER OF FULFILLMENT,1
,,,,MANAGER OF GIFT SHOP,1
,,,,MANAGER OF HOME HEALTHCARE,1
,,,,MANAGER OF OPERATIONS,1
,,,,MANAGER OF PROFESSIONAL SERVICES FO,1
,,,,MANAGER OF SUPPORT STAFF,1
,,,,MANAGER OF TECHNOLOGY AND INFORMATI,1
,,,,MANAGER OF THE SAUL KLEINFELD BRANC,1
,,,,MANAGER OF TRAINING/EDUCATION,1
,,,,MANAGER OF VENDOR RELATIONS AND ACC,1
,,,,MANAGER PATIENT TRANSPORTATION,1
,,,,"MANAGER, COMMITTEE",1
,,,,"MANAGER, DELAWARE OPERATIONS",1
,,,,"MANAGER, OFFICE 304-937-7721",1
,,,,"MANAGER, TEACHER LEADERSHIP DEVELOP",1
,,,,MANAGER; MEMBER,1
,,,,MANAGER;MEMBER,1
,,,,MANAGING DIR,1
,,,,MANAGING DIRECTOR - SALES AND MARKE,1
,,,,"MANAGING EDITOR, MEMBER SERVICES",1
,,,,MANAGING PARTNER,1
,,,,MANAGING PARTNER AND  FINANCIAL ADV,1
,,,,"MANAGING PARTNER, CHIEF MARKETING O",1
,,,,MANG,1
,,,,MANUFACTURING ENGINEER,1
,,,,MARKETING AND SALES CONSULTANT,1
,,,,MARKETING AND SPECIAL EVENTS COORDI,1
,,,,MARKETING ASSISTANT AND AMERICORPS,1
,,,,MARKETING PACKAGE,1
,,,,MARKETING PROJECT MANAGER,1
,,,,MARKETING REPRESENTATIVE,1
,,,,MASSAGE AND PROGRAM COORDINATOR,1
,,,,MASTER COUNCILOR,1
,,,,MATERIALS MGMT RECEIVING CLERK,1
,,,,MATERIALS SPECIALIST,1
,,,,MD,1
,,,,MEDIA CENTER ASSISTANT,1
,,,,MEDIA DIRECTOR,1
,,,,MEDICAL ADVISORY BOARD MEMBER,1
,,,,MEDICAL COORDINATOR LIEUTENANT,1
,,,,MEDICAL PROGRAM PROJECT MANAGER,1
,,,,MEDICAL RECORDS,1
,,,,MEDICAL TECHNICIAN,1
,,,,MEMB,1
,,,,MEMBER CONTACT,1
,,,,MEMBER NAME,1
,,,,MEMBER OF SCHOOL BOARD,1
,,,,MEMBER OF THE ENERGY PRACTICE GROUP,1
,,,,MEMBER OF THE STAFF,1
,,,,MEMBER SERVICES ADMINISTRATOR,1
,,,,"MEMBER, BOARD OF TRUSTEES",1
,,,,"MEMBER, GIVS GROUP",1
,,,,"MEMBER, LARGE AND REPORTER",1
,,,,"MEMBER, SLPOWERS CARRIER SERVICES T",1
,,,,"MEMBER, SPECIAL INVESTIGATIONS UNIT",1
,,,,"MEMBER, STAFF",1
,,,,MEMBERSHIP AND MARKETING DIRECTOR,1
,,,,MEMBERSHIP CHAIR,1
,,,,MEMBERSHIP CONSULTANT,1
,,,,MEMBERSHIP COORDINATOR,1
,,,,MEMBERSHIP INFORMATION COORDINATOR,1
,,,,MEMSH,1
,,,,MERCHANDISE,1
,,,,MERCHANDISING CONSULTANT,1
,,,,METEOROLOGIST,1
,,,,MIDDLE SCHOOL PRINCIPAL,1
,,,,MIDDLE SCHOOL TEACHER,1
,,,,"MILL MANAGER, LOG BUYER, VENEER SAL",1
,,,,MINISTER OF CHILDREN AND PRESCHOOL,1
,,,,MINISTER OF EDUCATION,1
,,,,MINISTER OF YOUTH,1
,,,,MINISTER ON STAFF,1
,,,,MOBILE DJ,1
,,,,MORTGAGE BANKER,1
,,,,MORTGAGE SPECIALIST,1
,,,,MPHS WRESTLING COACH,1
,,,,MRG,1
,,,,MSS - ACCOUNT EXECUTIVE,1
,,,,NAME OF PERSON RESERVING NAME,1
,,,,NANNY PLACEMENT SPECIALIST,1
,,,,NATIONAL BUSINESS MANAGER,1
,,,,NATIONAL JAMES CLEVELAND CHORUS MEM,1
,,,,NATIONAL SALES MANAGER,1
,,,,NATURAL NAIL TECHNICIAN,1
,,,,NEONATOLOGIST,1
,,,,NETWORK ADMINISTRATOR,1
,,,,NETWORK ENGINEER,1
,,,,NETWORK SPECIALIST,1
,,,,NEUROLOGIST,1
,,,,NEW ACCOUNTS OFFICER,1
,,,,NEW FILING OFFICER,1
,,,,NEWS DIRECTOR,1
,,,,NIGHT OPERATIONS TECHNICIAN,1
,,,,NIN\ETHER CHIEF EXECUTIVE OFFICER A,1
,,,,NITSCHMANN TECHNOLOGIST,1
,,,,"NON-STUDENT , LIFE GROUP LEADER",1
,,,,NON ATTORNEY,1
,,,,NONFILEABLE CORRESPONDENT,1
,,,,NURSE MANAGER,1
,,,,NURSE MIDWIFE,1
,,,,NURSING AIDE,1
,,,,NURSING SERVICES DIRECTOR,1
,,,,OBSTETRICS & GYNECOLOGY,1
,,,,OCCUPATIONAL MEDICINE,1
,,,,OCTOBER NEW MEMBER,1
,,,,OEM SALES SUPPORT AND  INSIDE SALES,1
,,,,OF,1
,,,,OFF,1
,,,,OFFENSIVE LINE,1
,,,,OFFI,1
,,,,OFFICE AND GRANTS MANAGER AND COMMU,1
,,,,OFFICE ASSISTANT AND MUSIC AND ARTS,1
,,,,"OFFICE ASSISTANT, IDAHO FALLS",1
,,,,OFFICE ASSOCIATE,1
,,,,OFFICE COORDINATOR,1
,,,,OFFICE MANAGER AND BAIL AGENT,1
,,,,OFFICE MANAGER AND EXECTUTIVE ASSIS,1
,,,,OFFICE OPERATIONS SUPERVISOR,1
,,,,OFFICE SECRETARY,1
,,,,OFFICE STAFF,1
,,,,OFFICE SUPPORT OF CHARACTER DEVELOP,1
,,,,OFFICER AND ACCOUNT EXECUTIVE AND P,1
,,,,OFFICER V/D,1
,,,,"OFFICER, DIRECTOR",1
,,,,"OFFICER, PRESIDENT",1
,,,,"OFFICER,DIRECTOR",1
,,,,OFFICER/PARTNER,1
,,,,OILSEED AND GRAIN PROCESSING DIVISI,1
,,,,ONCOLOGIST/HEMATOLOGIST,1
,,,,ONLINE EDITOR,1
,,,,OPEN HOUSE SPECIALIST,1
,,,,OPEN RECORDS OFFICER,1
,,,,OPERATION MANAGER,1
,,,,OPERATIONS LEAD II,1
,,,,OPERATIONS MANAGER - PEPPERTREE WAR,1
,,,,OPERATOR,1
,,,,OPERATOR I,1
,,,,OPHTHALMIC TECHNICIAN,1
,,,,OPTHALMIC TECHNICIAN,1
,,,,OPTOMETRIC ASSISTANT AND RECEPTIONI,1
,,,,OPTOMETRIST,1
,,,,ORCHESTRA DIRECTOR,1
,,,,ORGANIST AND COORDINATOR OF INSTRUM,1
,,,,OSI MEMBER,1
,,,,OTHER FULL-TIME INSTRUCTOR,1
,,,,OUTFIELD AND THIRD BASEMAN,1
,,,,OUTSIDE SALES REPRESENTATIVE,1
,,,,OVER COUNTER DRUG SUPERVISOR,1
,,,,"OWN ASSOCIATE MINISTERS, MINISTER",1
,,,,OWNER AND DIRECTOR,1
,,,,OWNER AND ENGINEER,1
,,,,OWNER AND SENIOR CONSULTANT,1
,,,,OWNER AND TRAVEL CONSULTANT,1
,,,,OWNER MANAGER AND  DRIVER,1
,,,,OWNER OF RECORDING STUDIO PROFESSIO,1
,,,,OWNER/MANAGER,1
,,,,OWNR,1
,,,,P,1
,,,,P/D,1
,,,,P/DIR/PASTOR,1
,,,,P/OFFICER,1
,,,,P/OWNER,1
,,,,PARALEGAL AND EXECUTIVE ASSISTANT,1
,,,,PARENT SPECIALIST,1
,,,,PART OF THE PLANNING COMMITTEE,1
,,,,PARTN,1
,,,,PARTNER-BASED IN THE FIRM'S NEW YOR,1
,,,,"PARTNER, CAPITAL AND LENDING SERVIC",1
,,,,"PARTNER, FINANCIAL MANAGEMENT",1
,,,,PARTS MANAGER,1
,,,,PAST PRESIDENT,1
,,,,PAST PRESIDENT OF MEDICAL STAFF,1
,,,,PASTOR EMERITUS,1
,,,,PATIENT FINANCIAL COUNSELOR,1
,,,,PATIENT SERVICE REPRESENTATIVE,1
,,,,PATIENT SERVICES ADMINISTRATOR,1
,,,,"PAYROLL AND BOOKKEEPER, SUPERVISOR",1
,,,,PAYROLL OFFICER,1
,,,,PAYROLL SPECIALIST,1
,,,,PAYROLL SYSTEM COORDINATOR,1
,,,,PC ANALYST,1
,,,,PDTS,1
,,,,PDV,1
,,,,PEDIATRIC ENDOCRINOLOGY,1
,,,,PEER REVIEW MANAGER AND EXECUTIVE A,1
,,,,PERFORMANCE INDICATOR PROGRAM OWNER,1
,,,,PERSONAL ASSISTANT,1
,,,,"PERSONAL LINES AGENT , LIFE AND HEA",1
,,,,PERSONAL TRAINER,1
,,,,PERSONNEL RECORDS SUPERVISOR,1
,,,,PHARMACY INTERN,1
,,,,PHARMACY SUPERVISOR,1
,,,,PHLEBOTOMIST,1
,,,,PHOTOGRAPHER,1
,,,,PHOTOGRAPHY TEACHER,1
,,,,PHYSICAL EDUCATION TEACHER,1
,,,,PHYSICAL THERAPIST ASSISTANT,1
,,,,PHYSICAL THERAPY AIDE,1
,,,,PHYSICIAN,1
,,,,PHYSICIAN STAFFING CONSULTANT,1
,,,,PIANIST,1
,,,,PICTURE DAY CHAIRPERSON,1
,,,,PLANT MANAGER,1
,,,,PO,1
,,,,POLICE DEPARTMENT DETECTIVE,1
,,,,POLICE DEPARTMENT INVESTIGATOR,1
,,,,POLICE OFFICER,1
,,,,POLITICAL AND FIELD DIRECTOR,1
,,,,POSITION IN ACCOUNTING TECH,1
,,,,POSITION IN ADMINISTRATIVE,1
,,,,POSITION IN ADMINISTRATIVE STAFF,1
,,,,POSITION IN ARCHITECTURAL SALES,1
,,,,POSITION IN BUSINESS TECH II,1
,,,,POSITION IN CENTRAL OFFICE,1
,,,,POSITION IN CERAMICS,1
,,,,POSITION IN COMMITTEE,1
,,,,POSITION IN COUNSELING SERVICES,1
,,,,POSITION IN CUSTOMER SERVICE,1
,,,,POSITION IN CUSTOMER SUPPORT,1
,,,,POSITION IN DEVELOPMENT SUPPORT STA,1
,,,,POSITION IN DOWNTOWN SAVANNAH SALES,1
,,,,POSITION IN FUNERAL SERVICE PROFESS,1
,,,,POSITION IN INTERNET SALES,1
,,,,POSITION IN JUDAIC STUDIES AND MATH,1
,,,,POSITION IN MAINTENANCE DEPARTMENT,1
,,,,POSITION IN MARKETING,1
,,,,POSITION IN MATH,1
,,,,POSITION IN MEETINGS COORDINATOR AN,1
,,,,POSITION IN MEMORIAL SCHOLARSHIP FU,1
,,,,POSITION IN OPERATIONS,1
,,,,POSITION IN OTHER SERVICES,1
,,,,POSITION IN PARTS DEPARTMENT,1
,,,,POSITION IN PRODUCTION,1
,,,,POSITION IN PROGRAM,1
,,,,POSITION IN REGION V,1
,,,,POSITION IN REGIONAL MARKETING,1
,,,,POSITION IN SAFETY AND ADMIN,1
,,,,POSITION IN SALES PROFESSIONAL,1
,,,,POSITION IN SERVICE TECH,1
,,,,POSITION IN SHIPPING AND RESIN SALE,1
,,,,POSITION IN SPONSOR SALES,1
,,,,POSITION IN TREATMENT COORDINATOR..,1
,,,,POSITION IN VENDOR RELATIONS,1
,,,,POSITION IN WAREHOUSE AND SALES,1
,,,,POSITION IN WAREHOUSE AND SHIPPING,1
,,,,POSITION IN WEB AND SYSTEM,1
,,,,"POSITION, BUSINESS DEVELOPMENT",1
,,,,"POSITION, CRITICAL CARE UNIT",1
,,,,"POSITION, PRACTICE GROUPS",1
,,,,POWELL STUDIO ASSISTANT MANAGER,1
,,,,PP,1
,,,,PRAISE AND WORSHIP LEADER,1
,,,,PRAISE TEAM LEADER,1
,,,,PRE-OWNED MANAGER,1
,,,,PREACHER,1
,,,,PREMIERE AGENT,1
,,,,PRES.CO.FOUNDER,1
,,,,PRES/CEO,1
,,,,PRES/SEC/TREAS,1
,,,,PRESCHOOL INSTRUCTOR,1
,,,,PRESERVE COMMISSIONER,1
,,,,PRESIDENT - SOUTHEAST,1
,,,,PRESIDENT AND CONSULTANT,1
,,,,PRESIDENT AND MANAGING DIRECTOR,1
,,,,PRESIDENT AND THE BROKER OF RECORD,1
,,,,PRESIDENT AND TOURNAMENT DIRECTOR,1
,,,,PRESIDENT OF THE CARBONDALE CHAPTER,1
,,,,PRESIDENT OF THE CLUB ROLLER HOCKEY,1
,,,,PRESIDENT OF THE EDUCATION FUND,1
,,,,"PRESIDENT, DIRECTOR, SECRETARY",1
,,,,"PRESIDENT, SECRETARY",1
,,,,"PRESIDENT, SECRETARY, DIRECTOR",1
,,,,"PRESIDENT, SECRETARY, TREASURER",1
,,,,"PRESIDENT, TREASURER, SECRETARY, DI",1
,,,,"PRESIDENT,DIRECTOR",1
,,,,"PRESIDENT,DIRECTOR,PRESIDENT,DIRECT",1
,,,,"PRESIDENT,TREASURER",1
,,,,PRESIDENT/DIRECTOR,1
,,,,PRESIDENT/PASTOR,1
,,,,PRESIDENT;SECRETARY;TREASURER,1
,,,,PRESIDENT;VICE PRESIDENT,1
,,,,PREVENTION CO-CHAIR,1
,,,,PREVENTION SPECIALIST,1
,,,,PRIMARY CARE PAYROLL COORD,1
,,,,PRINCIPAL OWNER,1
,,,,PRIVATE OR SHAREHOLDER,1
,,,,PROBATION OFFICER,1
,,,,PROBATIONARY AND FIREFIGHTER,1
,,,,PROBLEM RES CEN SPECIALIST,1
,,,,PROCESS ENGINEER,1
,,,,PROCESSOR..ACCOUNTS PAYABLE.FINANCE,1
,,,,"PROCUREMENT AND SERVICES OFFICER I,",1
,,,,PRODUCT MARKETING MANAGER,1
,,,,PRODUCTION AND TECHNOLOGY COORDINAT,1
,,,,PRODUCTION MANAGER,1
,,,,PROFESSIONAL DEVELOPMENT ADVISORY C,1
,,,,PROFESSIONAL LIAISON,1
,,,,PROFESSOR AND CHAIR,1
,,,,PROFESSOR EMERITUS AND CHAIRMAN OF,1
,,,,PROFESSOR OF ENGLISH,1
,,,,PROFILE CLUB MANAGER,1
,,,,PROGRAM AIDE,1
,,,,PROGRAM ASSISTANT,1
,,,,PROGRAM DIRECTOR,1
,,,,PROGRAM DIRECTOR - COMMUNITY SERVIC,1
,,,,PROGRAM SERVICES DIRECTOR,1
,,,,PROGRAM SPECIALIST,1
,,,,PROGRAM SUPPORT ASSISTANT,1
,,,,PROJECT AND TECHNOLOGY ENGINEER,1
,,,,PROJECT COORDINATOR,1
,,,,PROJECT DIRECTOR FOR AFTER-SCHOOL P,1
,,,,PROJECT ENGINEER IN THE CIVIL ENGIN,1
,,,,PROJECT GEOLOGIST,1
,,,,PROJECT LEAD,1
,,,,PROJECT MANAGER - GLOBAL FACILITIES,1
,,,,"PROJECT MANAGER , CORPORATE FINANCE",1
,,,,PROJECT MANAGER AND PD,1
,,,,PROJECT SUPERVISOR,1
,,,,PROJECT UNIT MANAGER,1
,,,,PROMOTIONS SPECIALIST,1
,,,,PROMOTORA AND PROMOTERS,1
,,,,PROPERTY AND CAUSALTY MANAGER,1
,,,,PROPOSAL COORDINATOR,1
,,,,PS,1
,,,,PSDT,1
,,,,PSYCHIATRIC NURSE,1
,,,,PSYCHOLOGY INSTRUCTOR,1
,,,,PTSD,1
,,,,PUBLIC RELATIONS,1
,,,,PUBLIC RELATIONS AND MARKETING CONS,1
,,,,PUBLISHER,1
,,,,PURCHASING AGENT,1
,,,,PURCHASING ASSISTANT,1
,,,,PURCHASING CLERK,1
,,,,PURCHASING MANAGER,1
,,,,PURCHASING SUPERVISOR,1
,,,,PVT,1
,,,,QUALITY ASSURANCE SPECIALIST,1
,,,,QUALITY CONTROL CLERK LD,1
,,,,QUALITY MANAGER,1
,,,,RADIATION SAFETY OFFICER,1
,,,,RADIOLOGIST,1
,,,,READING COACH,1
,,,,READING SUPPORT TEACHER,1
,,,,REAL ESTATE,1
,,,,"REAL ESTATE AGENT, THE BEST!!!!",1
,,,,REAL ESTATE BROKER,1
,,,,"REALTOR, ONLINE LISTINGS",1
,,,,RECEPTION,1
,,,,RECORDING SECRETARY,1
,,,,"RECORDING SECRETARY, ASSISTANT RECO",1
,,,,RECORDS BUREAU CHIEF,1
,,,,RECORDS CLERK,1
,,,,RECORDS SUPERVISOR,1
,,,,RECOVERY FUND AND LICENSING SPECIAL,1
,,,,RECRUITING ASSISTANT,1
,,,,REFEREE DIRECTOR AND ASSIGNOR,1
,,,,REFERRAL SOURCE CONTACT MANAGER,1
,,,,REGIONAL DIRECTOR,1
,,,,REGIONAL DIRECTOR OF STATE GOVERNME,1
,,,,REGIONAL HEALTH CENTER MANAGER,1
,,,,REGIONAL NETWORK ADMINISTRATOR,1
,,,,REGIONAL SALES MANAGER FOR THE SOUT,1
,,,,REGIONAL SALES MANAGER NORTH WEST,1
,,,,REGIONAL VICE PRESIDENT,1
,,,,REGULAR TEACHER,1
,,,,RELIEVER,1
,,,,RENTAL SALES MANAGER,1
,,,,REPORTER,1
,,,,RESEARCH ANALYST II,1
,,,,RESEARCH ASSOCIATE,1
,,,,RESEARCH SCHOLAR,1
,,,,RESIDENT ASSISTANT,1
,,,,RESIDENT SERVICE COORDINATOR,1
,,,,RESIDENT SERVICES ADMINISTRATOR,1
,,,,RESIDENTIAL LENDING SPECIALIST,1
,,,,RESOURCE ADMINISTRATOR,1
,,,,RESOURCE ADVOCATE,1
,,,,RESOURCE OFFICER AND TENNIS COACH,1
,,,,RESOURCE ROOM FACILITATOR,1
,,,,RESOURCE TEACHER,1
,,,,"RESOURCE TEACHER, TEACHER",1
,,,,RESPIRATORY THERAPIST,1
,,,,RESTAURANT BROKER,1
,,,,RETAIL CUSTOMER MARKETING MANAGER,1
,,,,RETAIL MANAGER,1
,,,,RETIREMENT SPECIALIST,1
,,,,REV,1
,,,,RIA REPRESENTATIVE,1
,,,,RMA DEPARTMENT,1
,,,,RN SURGERY WOW,1
,,,,RUNNER,1
,,,,RV VIP DELIVERY SPECIALIST,1
,,,,S,1
,,,,SABER CONTRACTOR,1
,,,,SAFETY AND HUMAN RESOURCE DIRECTOR,1
,,,,SAFETY OFFICER,1
,,,,SAFETY REPRESENTATIVE,1
,,,,SAFETY&SECURITY OPERATIONS MANAGER,1
,,,,SALE ASSISTANT,1
,,,,"SALES- GROUNDWATER, IRRIGATION, IND",1
,,,,SALES ADMINISTRATOR,1
,,,,SALES AND MARKETING DIRECTOR,1
,,,,SALES ASSISTANT,1
,,,,SALES ENGINEER,1
,,,,SALES OPERATIONS ANALYST,1
,,,,"SALES REPRESENTATIVE, ESTIMATING AN",1
,,,,SALES SPECIALIST,1
,,,,SALES SUPPORT,1
,,,,"SALES TRAINING MANAGER, OFFICE",1
,,,,SALESMAN,1
,,,,SALESPERSON,1
,,,,SAN BERNARDINO AND RIVERSIDE COUNTI,1
,,,,SANITATION SUPERVISOR,1
,,,,"SCHEDULER , CHARTER SALES",1
,,,,SCHOOL BOARD MEMBER,1
,,,,SCHOOL COUNSELOR,1
,,,,SCHOOL NURSE,1
,,,,SCHOOL OF ENGINEERING AND APPLIED S,1
,,,,SCHOOL PRINCIPAL,1
,,,,SDET,1
,,,,SDTD,1
,,,,SEC BROKERS,1
,,,,SEC DIR,1
,,,,SECONDARY CLASSROOM EDUCATOR,1
,,,,SECR,1
,,,,SECRETARY AND DIRECTOR,1
,,,,SECRETARY I,1
,,,,SECRETARY OF NURSING SERVICES,1
,,,,"SECRETARY, DIRECTOR",1
,,,,"SECRETARY, PRESIDENT",1
,,,,SECRETARY/TREASURER; DIRECTOR,1
,,,,SECRETARY;TREASURER,1
,,,,SECURITY OFFICER,1
,,,,SECURITY RESEARCHER,1
,,,,SECY,1
,,,,SENIOR ACCOUNT CLERK,1
,,,,SENIOR ACCOUNT EXECUTIVE,1
,,,,SENIOR ACCOUNT MANAGER,1
,,,,"SENIOR ACCOUNT MANAGER, EMPLOYEE BE",1
,,,,SENIOR BUYER AND PLANNER,1
,,,,SENIOR CHARGE CAPTURE TECHNICIAN,1
,,,,SENIOR CONSULTANT AND EXECUTIVE COA,1
,,,,SENIOR CONTRACT ADMINISTRATOR,1
,,,,SENIOR CONTRACT COORDINATOR,1
,,,,SENIOR CUSTOMER SERVICE ASSOCIATE,1
,,,,SENIOR DIRECTOR,1
,,,,SENIOR DIRECTOR - INTEGRATION MANAG,1
,,,,"SENIOR DIRECTOR, LEARNING CENTER",1
,,,,SENIOR FINANCIAL CLERK,1
,,,,SENIOR GUARD,1
,,,,SENIOR INSPECTOR,1
,,,,SENIOR IP CONSULTANT,1
,,,,SENIOR MARKETING SPECIALIST,1
,,,,SENIOR MEDIA SOLUTIONS CONSULTANT,1
,,,,SENIOR MEMBER,1
,,,,SENIOR MIDFIELDER,1
,,,,SENIOR NEWS EDITOR,1
,,,,SENIOR PASTOR,1
,,,,SENIOR PAYROLL CLERK,1
,,,,SENIOR PERFORMANCE ANALYST,1
,,,,SENIOR PLANNER/SCHEDULER,1
,,,,SENIOR PRINCIPAL RETIREMENT PLAN CO,1
,,,,SENIOR PURCHASING AGENT,1
,,,,SENIOR QUALITY IMPROVEMENT COORDINA,1
,,,,SENIOR RESEARCH ENGINEER,1
,,,,SENIOR SECRETARY,1
,,,,SENIOR STAFF ENGINEER,1
,,,,SENIOR TRAINING SPECIALIST,1
,,,,SENIOR VICE PRESIDENT - LEASING,1
,,,,SENIOR VICE PRESIDENT AND DIRECTOR,1
,,,,SENIOR VICE PRESIDENT BUSINESS DEVE,1
,,,,SENIOR VICE PRESIDENT INVESTMENTS,1
,,,,SENIOR WORD PROCESSING SYSTEMS OPER,1
,,,,SEO/PRES,1
,,,,SERVICE COORDINATOR,1
,,,,SERVICE DISPATCHER,1
,,,,"SERVICE MANAGER, OFFICE, CELL",1
,,,,SERVICE OFFICER,1
,,,,SERVICE TECHNICIAN,1
,,,,SEVENTH GRADE SOCIAL STUDIES TEACHE,1
,,,,SEWER PLANT OPERATOR,1
,,,,SHERIFF'S DEPUTY,1
,,,,SHERMAN SEA CADET,1
,,,,SHOWCASE W AND  CELEB EVENT DESIGNE,1
,,,,SIG COORDINATOR,1
,,,,SITE MANAGER,1
,,,,SMALL BUSINESS AND GROUP BENEFITS S,1
,,,,"SMD, INSTITUTE - HOUSTON INSTITUTE",1
,,,,SNAC CLERK,1
,,,,SOBA GEORGIA EXECUTIVE MEMBER,1
,,,,SOC SIGNATORY,1
,,,,SOCIAL SERVICES,1
,,,,SOCIAL SERVICES MANAGER,1
,,,,SOCIAL STUDIES TEACHER,1
,,,,SOCIAL WORKER,1
,,,,SOFTBALL COACH,1
,,,,SOFTWARE ENGINEER,1
,,,,SOFTWARE SUPPORT TECHNICIAN I,1
,,,,SOLE MEMBER,1
,,,,SOUTHERN MUTUAL FINANCIAL SERVICES,1
,,,,SPECIAL ASSISTANT TO THE CHANCELLOR,1
,,,,SPECIAL EDUCATION AIDE IN THE HARBO,1
,,,,SPECIAL EDUCATION TEACHER,1
,,,,SPECIAL PROJECTS COORDINATOR,1
,,,,SPECIAL PROJECTS MANAGER FOR THE AN,1
,,,,SPECIALIST,1
,,,,"SPECIALIST, INFORMATION TECHNOLOGY",1
,,,,SPOKESPERSON,1
,,,,SPONSOR SPECIALIST AND SITE COORDIN,1
,,,,SPORTS INFORMATION ASSISTANT,1
,,,,SPORTS INFORMATION DIRECTOR,1
,,,,SPRINKLER MANAGER,1
,,,,SQL SERVER DBA,1
,,,,SR.SOFTWARE CONSULTANT,1
,,,,STAFF ACCOUNTANT,1
,,,,STAFF ADMINISTRATOR,1
,,,,STAFF ASSISTANT,1
,,,,STAFF NURSE III,1
,,,,STATESVILLE ATTORNEY,1
,,,,STORE MANA,1
,,,,STORE SYSTEMS MANAGER,1
,,,,STREET SUPERVISOR,1
,,,,STUDENT SUPERVISOR,1
,,,,STYLIST,1
,,,,SUBSCRIBER,1
,,,,SUBSTANCE ABUSE COUNSELING,1
,,,,SUPER DJ,1
,,,,SUPERVISOR OF THE LOWER ELEMENTARY,1
,,,,"SUPERVISOR, HUMAN RESOURCE MANAGEME",1
,,,,SUPPLIES MANAGER,1
,,,,SUPPORTING MEMBER,1
,,,,SUPVR OF PATIENT TRANSPORTATION,1
,,,,SV,1
,,,,SVD,1
,,,,SWITCHBOARD OPERATOR,1
,,,,SYNOD EXECUTIVE,1
,,,,SYSTEMS ANALYST AND LD PROGRAMMER,1
,,,,SYSTEMS PROCEDURE ANALYST,1
,,,,T,1
,,,,T/S,1
,,,,TASTING ROOM MANAGER,1
,,,,TAX ASSOCIATE,1
,,,,TAXAN NEWSLETTER EDITOR-IN-CHIEF AN,1
,,,,TC,1
,,,,TEACHER - MATHEMATICS,1
,,,,"TEACHER , ENGLISH",1
,,,,TEACHER AIDE,1
,,,,TEACHER ASSISTANT,1
,,,,TEACHER IN THE BLACK STUDIES DEPART,1
,,,,TEACHERS,1
,,,,TEACHERS AND TEACHERS' ASSISTANT,1
,,,,TEACHING ASSISTANT,1
,,,,TEACHING ASSISTANT AND SUBSTITUTE,1
,,,,TEAM MANAGER,1
,,,,TECH CENTER (TESTING ROLE),1
,,,,TECH SUPERVISOR,1
,,,,TECHNICAL DIRECTOR,1
,,,,TECHNICAL SUPPORT,1
,,,,TELECOMMUNICATIONS ADMINISTRATOR,1
,,,,TELECOMMUNICATIONS DIRECTOR,1
,,,,"TELECOMMUNICATOR , TELECOMMUNICATOR",1
,,,,TEMPORARY RECEPTIONIST,1
,,,,TENNIS PROFESSIONAL,1
,,,,TERRITORY MANAGER,1
,,,,THREAT MANAGEMENT AND PERSONAL SECU,1
,,,,TITLE 1 COORDINATOR,1
,,,,TITLE 1 TEACHER,1
,,,,TITLE CLERK,1
,,,,TITLE I DEPARTMENT,1
,,,,TITLE III PROGRAM SPECIALIST,1
,,,,TITLE MANAGER,1
,,,,TOUR DIRECTOR,1
,,,,TRADER,1
,,,,TRAFFIC DEPARTMENT,1
,,,,TRAFFIC OFFICER,1
,,,,TRAINEE MANAGER,1
,,,,TRAINING SECRETARY,1
,,,,TRANSPORTATION MANAGER,1
,,,,TREA,1
,,,,"TREASURER, DIRECTOR",1
,,,,"TREASURER, PROFESSIONAL MEMBER",1
,,,,TREASURER;SECRETARY,1
,,,,TREASURER;VICE PRESIDENT,1
,,,,TREASURY MANAGER,1
,,,,TRUCK DRIVER,1
,,,,TRUS,1
,,,,TRUSTEE/DIRECTOR,1
,,,,TSD,1
,,,,TST,1
,,,,U7 AND 8G COMMISSIONER,1
,,,,UNDERWRITING DEPARTMENT,1
,,,,UNIFORMS CO-CHAIR,1
,,,,UNIVERSITY COORDINATOR,1
,,,,UP-COMING EVENTS,1
,,,,US ADMINISTRATIVE ASSISTANT,1
,,,,USED CAR MANAGER,1
,,,,USSF CERTIFIED STATE 6 REFEREE,1
,,,,V CHAIRMAN,1
,,,,VC,1
,,,,VCEO,1
,,,,VCFO,1
,,,,VCHM,1
,,,,VEHICLE MANUFACTURERS DEALERS AND S,1
,,,,VENTAS MEXICO,1
,,,,VICE-CAPTAIN,1
,,,,"VICE-PRESIDENT, DIRECTOR",1
,,,,"VICE-PRESIDENT, SECRETARY",1
,,,,VICE CHIEF OF PEDIATRIC SVS,1
,,,,"VICE PRESIDENT , DIRECTOR OF BROADC",1
,,,,"VICE PRESIDENT , MARKETING AND E-CO",1
,,,,VICE PRESIDENT AND CHIEF FINANCIAL,1
,,,,VICE PRESIDENT AND DIRECTOR OF VENT,1
,,,,VICE PRESIDENT AND GROUP PUBLISHER,1
,,,,VICE PRESIDENT AND SALES,1
,,,,VICE PRESIDENT LANDSCAPE DESIGN AND,1
,,,,VICE PRESIDENT OF COMMUNICATIONS,1
,,,,VICE PRESIDENT OF ENROLLMENT MANAGE,1
,,,,VICE PRESIDENT OF EXTERNAL AFFAIRS,1
,,,,VICE PRESIDENT OF FINANCE AND OPERA,1
,,,,VICE PRESIDENT OF NATIONAL ACCOUNTS,1
,,,,VICE PRESIDENT OF NEW BUSINESS DEVE,1
,,,,"VICE PRESIDENT OF PRODUCTION, DIREC",1
,,,,VICE PRESIDENT OF SALES AND MARKETI,1
,,,,VICE PRESIDENT OPERATIONS,1
,,,,"VICE PRESIDENT, CHIEF LENDING OFFIC",1
,,,,"VICE PRESIDENT, CREATIVE PLANNING",1
,,,,"VICE PRESIDENT, INFRASTRUCTURE SOLU",1
,,,,"VICE PRESIDENT, MANUFACTURING",1
,,,,"VICE PRESIDENT, MARKETING",1
,,,,"VICE PRESIDENT, MEMBERSHIP AND MARK",1
,,,,"VICE PRESIDENT, REAL ESTATE",1
,,,,"VICE PRESIDENT, SALES AND MARKETING",1
,,,,"VICE PRESIDENT, SERVICE MANAGER",1
,,,,"VICE PRESIDENT, STATE GOVERNMENT RE",1
,,,,VICE PRESIDENT/ADMISSIONS,1
,,,,VICE PRESIDENT;DIRECTOR,1
,,,,VIDEO PRODUCER AND WEB DESIGNER,1
,,,,VIDEO PRODUCTION ASSISTANT AND ADMI,1
,,,,VILLAGE TRUSTEE,1
,,,,VILLAGE TRUSTEE AND CHAIRMAN OF PUB,1
,,,,VISITATION PASTOR,1
,,,,VOLUNTEER ASSISTANT,1
,,,,VOLUNTEER SERVICES,1
,,,,VP-FINANCE-OUTSOURCED SERVICES,1
,,,,VP OF BUSINESS DEVELOPMENT,1
,,,,VP OF OPERATIONS,1
,,,,VP SALES - AMERICAS,1
,,,,VP/CTO,1
,,,,VP/SEC,1
,,,,VPSD,1
,,,,VPST,1
,,,,VST,1
,,,,VSTD,1
,,,,VT,1
,,,,W.C. CLAIMS ASSISTANT II,1
,,,,WAREHOUSE,1
,,,,WAREHOUSE MANAGER,1
,,,,WAREHOUSE SUPERVISOR,1
,,,,WATER MAINTENANCE SUPERINTENDENT,1
,,,,WBON MEMBER,1
,,,,WEB DEVELOPMENT DIRECTOR,1
,,,,WEB EDITOR,1
,,,,WEB PAGE EDITOR,1
,,,,WOODS TECHNICIAN,1
,,,,WORK AND LEARN CASE MANAGER,1
,,,,WORKFORCE HOUSEING SPECIALIST,1
,,,,WORKS WITH,1
,,,,"WORSHIP PASTOR, CHILDREN'S PASTOR",1
,,,,X-RAY/RADIOLOGY TECH,1
,,,,YOUTH CHOIR DIRECTOR,1
,,,,YOUTH LEADER,1
,,,,YOUTH NATIONAL DIRECTOR,1
